--
-- PostgreSQL database dump
--

-- Dumped from database version 9.6.9
-- Dumped by pg_dump version 10.0

-- Started on 2018-07-18 16:01:56

SET statement_timeout = 0;
SET lock_timeout = 0;
SET idle_in_transaction_session_timeout = 0;
SET client_encoding = 'UTF8';
SET standard_conforming_strings = on;
SET check_function_bodies = false;
SET client_min_messages = warning;
SET row_security = off;

SET search_path = public, pg_catalog;

--
-- TOC entry 2164 (class 0 OID 16385)
-- Dependencies: 185
-- Data for Name: country; Type: TABLE DATA; Schema: public; Owner: postgres
--

COPY country (id, name) FROM stdin;
1	Canada
2	Egypt
3	Uruguay
4	Iraq
5	Switzerland
6	Cyprus
7	India
8	Azerbaijan
9	Ireland
10	Moldova
11	Christmas Island
12	Serbia
13	Malaysia
14	Thailand
15	Cuba
16	Mauritius
17	Norway
18	Reunion
19	Tuvalu
20	Mali
21	Nepal
22	Taiwan
23	Austria
24	Bahamas
25	Central African Republic
26	Myanmar
27	Curaçao
28	Romania
29	Guinea
30	Moldova
31	Christmas Island
32	Japan
33	Haiti
34	Antarctica
35	Mozambique
36	Malta
37	Bhutan
38	Kiribati
39	Spain
40	Trinidad and Tobago
41	Argentina
42	Samoa
43	Russian Federation
44	Saint Martin
45	Brazil
46	Bonaire, Sint Eustatius and Saba
47	Latvia
48	Tuvalu
49	United States Minor Outlying Islands
50	Monaco
51	Tanzania
52	American Samoa
53	Burundi
54	Cuba
55	French Southern Territories
56	Hong Kong
57	Cayman Islands
58	Sao Tome and Principe
59	Niue
60	South Sudan
61	Somalia
62	Falkland Islands
63	Kiribati
64	Bahrain
65	Curaçao
66	Bahrain
67	Norway
68	Turkmenistan
69	Central African Republic
70	Belgium
71	Mayotte
72	Afghanistan
73	Senegal
74	Niger
75	Côte DIvoire (Ivory Coast)
76	Macedonia
77	Slovakia
78	United Arab Emirates
79	San Marino
80	Latvia
81	Pakistan
82	Trinidad and Tobago
83	Saint Lucia
84	Antigua and Barbuda
85	India
86	Andorra
87	Seychelles
88	Guinea
89	Myanmar
90	Tunisia
91	Liechtenstein
92	Albania
93	Niue
94	Saint Vincent and The Grenadines
95	Tajikistan
96	Dominican Republic
97	Liberia
98	Bonaire, Sint Eustatius and Saba
99	Iraq
100	Mayotte
\.


--
-- TOC entry 2166 (class 0 OID 16403)
-- Dependencies: 187
-- Data for Name: hotel; Type: TABLE DATA; Schema: public; Owner: postgres
--

COPY hotel (id, name, stars, website, latitude, longitude, features) FROM stdin;
1	Etiam Imperdiet Corporation	3	nibh.edu	-57.5303	-166.61467	{"all inclusive","free beer"}
2	Per Foundation	4	seddui.org	-87.34183	-156.27847	{"free animators"}
3	Tellus LLP	1	nisisemsemper.ca	59.84416	-81.51122	{"all inclusive"}
4	Ornare Placerat Orci Industries	2	Maecenas.com	59.6703	21.13843	{"children room"}
5	Vivamus Non Lorem Company	1	viverra.ca	62.95427	-17.29591	{"carpets on the walls"}
6	Rutrum Eu Ultrices Corp.	1	orci.co.uk	33.69051	122.8671	{"air conditioning"}
7	Ut Tinct Institute	4	diamvelarcu.ca	-60.71524	-46.90692	{"free wifi"}
8	Magnis Dis Corp.	2	auctor.org	-47.81089	-146.83436	{"swimming pool"}
9	Fermentum Arcu PC	5	purusmauris.org	5.53475	161.39542	{"children room"}
10	Vitae Velit Egestas Corp.	2	urnaUt.org	71.53462	-10.99122	{"fresh towel"}
11	Magna Duis Dignissim LLC	1	arcuacorci.net	45.05166	-18.46546	{"children room"}
12	Eget Laoreet LLP	1	consequatnec.co.uk	60.9534	-111.85379	{"close to sea"}
13	Imperdiet Foundation	1	elit.com	16.17138	22.89033	{"all inclusive"}
14	Sapien Nunc Foundation	5	etpede.edu	-45.06971	62.06163	{"carpets on the walls"}
15	Faucibus Leo Associates	1	gravliquamtinct.com	68.91448	149.5914	{"air conditioning"}
16	Nascetur Company	5	fames.com	19.92464	-170.25774	{"all inclusive"}
17	Mollis Limited	2	purus.co.uk	37.87682	114.14112	{"fresh towel"}
18	Velit In Foundation	5	Nullamfeugiatplacerat.edu	-86.15689	-8.01069	{"swimming pool"}
19	Rulus Corporation	1	metus.com	-57.98373	168.93434	{"carpets on the walls"}
20	Lectus Pede Ultrices Industries	2	eu.ca	-39.04519	54.78732	{"all inclusive"}
21	Arcu Eu Odio Incorporated	1	quisdiam.org	-76.43272	-85.64118	{"fresh towel"}
22	Dolor PC	4	pede.org	27.30246	62.56554	{"air conditioning"}
23	Blandit LLP	4	tinctDonec.edu	60.15217	-159.19307	{"free animators"}
24	Class LLP	2	pede.edu	66.57577	63.06306	{"swimming pool"}
25	Diam Luctus Consulting	4	accumsan.com	41.64688	98.19375	{"carpets on the walls"}
26	Sagittis Nullam Vitae LLC	4	egetnistum.org	41.05407	-104.23223	{"fresh towel"}
27	Dui Lectus Inc.	1	odioNam.edu	-85.55639	-16.69322	{"fresh towel"}
28	Luctus Limited	3	laciniamattisInteger.edu	81.64096	84.03591	{"fresh towel"}
29	Mauris Nulla Integer PC	4	Fusce.org	-77.46533	-86.98915	{"air conditioning"}
30	Ut Lacus Nulla Associates	5	erosturpis.edu	10.94506	140.41392	{"free wifi"}
31	Sit Amet Ltd	1	nibh.net	-76.90973	-69.5066	{"swimming pool"}
32	Ultricies Limited	3	et.co.uk	86.07094	-148.1721	{"children room"}
33	Adipiscing LLP	3	tinctduiaugue.com	-4.95794	-173.49653	{"children room"}
34	Eu Odio Consulting	3	odioNam.edu	34.52401	17.76578	{"carpets on the walls"}
35	Sociis Natoque Penatibus Foundation	2	lacus.co.uk	48.25115	-165.4838	{"swimming pool"}
36	Elementum Foundation	5	arcu.net	-74.38817	-85.73489	{"free beer"}
37	Felis Orci Company	2	Donec.co.uk	46.64023	-141.64239	{"swimming pool"}
38	Ipsum Incorporated	3	luctusipsumleo.com	-24.66466	40.58134	{"free animators"}
39	Duis Consulting	1	faucibusMorbivehicula.ca	46.83541	-112.82604	{"carpets on the walls"}
40	GravSagittis Foundation	5	bibendumDonec.net	71.90387	170.87277	{"air conditioning"}
41	Fames Foundation	4	semutdolor.ca	-60.43787	176.45092	{"carpets on the walls"}
42	Nibh Donec Ltd	5	sollicitudincommodoipsum.co.uk	-16.35244	135.33042	{"swimming pool"}
43	Semper Auctor Mauris Institute	1	variusultricesmauris.com	-55.80723	96.17331	{"air conditioning"}
44	Mus Proin Corp.	3	Maecenasiaculisaliquet.com	65.89159	97.61724	{"free wifi"}
45	Ornare Corp.	2	nequeetnunc.net	-71.93609	0.73566	{"close to sea"}
46	Ut Cursus Foundation	3	volutpatornarefacilisis.net	88.39006	-23.42801	{"fresh towel"}
47	Sit Corporation	1	cursusdiamat.org	-39.51824	60.09979	{"carpets on the walls"}
48	Bibendum Institute	5	incursuset.edu	-76.96784	104.49338	{"close to sea"}
49	Tinct Neque Vitae LLC	1	dui.net	1.13444	45.16552	{"carpets on the walls"}
50	Commodo Limited	4	enim.org	-52.79085	13.98072	{"close to sea"}
51	Eget Ipsum Associates	3	Phaselluselit.ca	-78.92313	-139.35054	{"air conditioning"}
52	Ut Corp.	3	gravcom	-48.77821	129.97135	{"close to sea"}
53	Habitant Morbi Tristique Corporation	4	ac.edu	-4.18568	-17.21856	{"close to sea"}
54	GravConsulting	4	inlobortistellus.com	83.41754	-38.84681	{"free animators"}
55	Ante Lectus Foundation	3	Nuncuterat.org	38.51384	-171.66528	{"all inclusive"}
56	Auctor Ullamcorper Nisl Limited	1	elitNulla.net	-32.7022	126.97381	{"all inclusive"}
57	Ac Turpis Limited	4	Nuncmauris.ca	70.40586	-35.52509	{"children room"}
58	Aliquet Metus Consulting	2	Ut.org	42.61129	-58.64498	{"free beer"}
59	Nec LLC	3	nequeet.net	-73.74967	149.20712	{"fresh towel"}
60	Orci Industries	2	risusquis.org	85.44738	-137.47333	{"swimming pool"}
61	Nulla Dignissim Maecenas Limited	5	est.com	-10.733	26.12254	{"air conditioning"}
62	Nunc Corp.	3	aliquam.org	67.47589	-78.25958	{"fresh towel"}
63	Tinct Nunc Corporation	3	scelerisqueneque.com	55.1564	-54.68207	{"children room"}
64	Elit Pharetra Ltd	1	ultricesposuere.co.uk	-0.35913	-77.31789	{"free beer"}
65	Non Inc.	3	elit.com	29.19169	62.67594	{"free animators"}
66	ollis Ltd	1	scelerisque.org	41.74181	-142.39728	{"air conditioning"}
67	Nunc Risus Varius PC	3	turpisegestas.ca	-81.42134	-118.26542	{"swimming pool"}
68	Nulla Tempor PC	2	nasceturrulus.co.uk	-49.14344	-7.99706	{"close to sea"}
69	Et Associates	4	tempusrisusDonec.net	-64.44903	52.92972	{"swimming pool"}
70	Augue LLP	1	in.com	55.93801	-139.30768	{"children room"}
71	Eget Associates	1	est.com	61.09367	146.3947	{"swimming pool"}
72	Magna Ut Tinct Institute	2	nonquamPellentesque.net	0.23597	-6.68773	{"fresh towel"}
73	Ante Ipsum Institute	5	commodoauctorvelit.net	50.31525	172.66661	{"carpets on the walls"}
74	Nunc Est Mollis Limited	3	aliquetlobortis.co.uk	-67.8985	144.94885	{"free wifi"}
75	Mi Enim Corporation	3	Curabiturconsequat.co.uk	-5.76524	119.83256	{"close to sea"}
76	Sed Corp.	3	scelerisquedui.edu	-74.86509	-131.29628	{"free wifi"}
77	Augue Malesuada Malesuada Ltd	3	nequevitaesemper.ca	-60.79029	-170.20435	{"carpets on the walls"}
78	Ipsum Limited	1	eget.edu	57.62045	68.68629	{"children room"}
79	Nullam Vitae Diam Corporation	4	cursuset.ca	11.92896	-169.6287	{"free beer"}
80	Nec LLC	4	auctor.com	19.14547	-32.33736	{"close to sea"}
81	Lorem Luctus Ut Industries	2	nonvestibulum.com	61.44135	-103.24845	{"free beer"}
82	A Associates	3	Duiselementumdui.org	14.61694	89.76753	{"children room"}
83	Bibendum Fermentum Metus Foundation	2	adipiscingelitEtiam.org	-25.75818	139.14405	{"fresh towel"}
84	Ultrices Mauris Ipsum Incorporated	1	magna.ca	-60.08308	-132.82929	{"carpets on the walls"}
85	Etiam Ligula Tortor PC	2	condimentumDonec.co.uk	-73.44181	-88.07351	{"free wifi"}
86	Proin Non Company	4	ultricesa.net	83.50847	-33.50728	{"close to sea"}
87	Mi Felis Foundation	3	egestas.ca	59.22684	20.51937	{"all inclusive"}
88	Aliquam Erat Corporation	3	euismod.net	-65.61022	116.98355	{"close to sea"}
89	Ante Industries	4	elit.net	25.12685	-97.63927	{"children room"}
90	Sit Amet Faucibus Foundation	5	consectetuer.co.uk	87.72595	-93.27583	{"free animators"}
91	Dui Associates	1	dui.co.uk	-47.13088	-35.26124	{"carpets on the walls"}
92	Non Luctus Sit Ltd	4	vestibulummassa.org	70.88943	-130.87476	{"swimming pool"}
93	Magna Duis Dignissim LLC	2	aliquetlobortisnisi.org	11.99253	-67.2351	{"free wifi"}
94	Mus Proin Institute	2	dolorsitamet.edu	25.20264	93.25769	{"free wifi"}
95	Est Nunc Consulting	5	necdiamDuis.org	-15.84582	-74.76825	{"air conditioning"}
96	Enim Incorporated	3	interdum.edu	27.23144	132.97277	{"free animators"}
97	Mauris Integer Associates	5	sem.ca	-71.79253	-54.71597	{"fresh towel"}
98	Urna Institute	5	estNuncullamcorper.edu	-6.40664	-102.28617	{"children room"}
99	Donec At Industries	3	nuncacmattis.net	14.1761	144.59071	{"air conditioning"}
100	Semper Egestas Urna Ltd	5	imperdieteratnonummy.ca	-73.60784	131.18484	{"free wifi"}
\.


--
-- TOC entry 2165 (class 0 OID 16390)
-- Dependencies: 186
-- Data for Name: tour; Type: TABLE DATA; Schema: public; Owner: postgres
--

COPY tour (id, photo, date, duration, description, cost, tour_type, hotel_id, country_id) FROM stdin;
1	http://dummyimage.com/181x198.png/dddddd/000000	2017-11-14	9	Proin interdum mauris non ligula pellentesque ultrices. Phasellus id sapien in sapien iaculis congue. Vivamus metus arcu, adipiscing molestie, hendrerit at, vulputate vitae, nisl.	$437.59	cultural	94	21
2	http://dummyimage.com/140x202.jpg/5fa2dd/ffffff	2017-12-10	1	Nullam varius. Nulla facilisi. Cras non velit nec nisi vulputate nonummy.	$645.40	cultural	10	6
3	http://dummyimage.com/155x109.jpg/ff4444/ffffff	2017-12-22	9	Etiam vel augue. Vestibulum rutrum rutrum neque.	$924.08	cultural	1	23
4	http://dummyimage.com/235x162.jpg/ff4444/ffffff	2018-06-01	9	Nam dui.	$98.59	cultural	95	16
5	http://dummyimage.com/219x200.png/ff4444/ffffff	2017-06-15	9	Cras mi pede, malesuada in, imperdiet et, commodo vulputate, justo.	$280.83	cultural	10	21
6	http://dummyimage.com/240x129.png/cc0000/ffffff	2018-01-07	2	Mauris enim leo, rhoncus sed, vestibulum sit amet, cursus id, turpis.	$277.55	cultural	49	22
7	http://dummyimage.com/121x243.jpg/cc0000/ffffff	2018-05-22	8	Cum sociis natoque penatibus et magnis dis parturient montes, nascetur ridiculus mus.	$580.29	cultural	31	3
8	http://dummyimage.com/112x207.jpg/ff4444/ffffff	2017-05-31	7	In hac habitasse platea dictumst. Morbi vestibulum, velit id pretium iaculis, diam erat fermentum justo, nec condimentum neque sapien placerat ante. Nulla justo.	$380.26	rural	30	6
9	http://dummyimage.com/138x115.jpg/5fa2dd/ffffff	2018-03-27	10	Donec vitae nisi. Nam ultrices, libero non mattis pulvinar, nulla pede ullamcorper augue, a suscipit nulla elit ac nulla.	$737.59	rural	34	24
10	http://dummyimage.com/250x201.bmp/cc0000/ffffff	2018-06-22	1	Quisque id justo sit amet sapien dignissim vestibulum.	$336.98	rural	12	6
11	http://dummyimage.com/246x240.jpg/ff4444/ffffff	2018-01-07	3	Aliquam quis turpis eget elit sodales scelerisque. Mauris sit amet eros.	$171.40	rural	56	10
12	http://dummyimage.com/182x131.bmp/dddddd/000000	2018-06-16	5	Proin leo odio, porttitor id, consequat in, consequat ut, nulla. Sed accumsan felis.	$174.62	rural	85	15
13	http://dummyimage.com/191x145.bmp/ff4444/ffffff	2017-10-22	5	Sed sagittis. Nam congue, risus semper porta volutpat, quam pede lobortis ligula, sit amet eleifend pede libero quis orci.	$64.99	rural	85	25
14	http://dummyimage.com/232x214.jpg/cc0000/ffffff	2018-01-23	10	Donec odio justo, sollicitudin ut, suscipit a, feugiat et, eros. Vestibulum ac est lacinia nisi venenatis tristique. Fusce congue, diam id ornare imperdiet, sapien urna pretium nisl, ut volutpat sapien arcu sed augue.	$948.85	rural	91	24
15	http://dummyimage.com/118x109.jpg/cc0000/ffffff	2018-06-29	7	Pellentesque viverra pede ac diam. Cras pellentesque volutpat dui. Maecenas tristique, est et tempus semper, est quam pharetra magna, ac consequat metus sapien ut nunc.	$322.19	rural	15	12
16	http://dummyimage.com/149x238.bmp/5fa2dd/ffffff	2017-07-20	4	Suspendisse potenti. In eleifend quam a odio. In hac habitasse platea dictumst.	$402.54	rural	15	3
17	http://dummyimage.com/204x175.jpg/dddddd/000000	2018-06-27	6	Integer non velit. Donec diam neque, vestibulum eget, vulputate ut, ultrices vel, augue.	$304.40	rural	90	13
18	http://dummyimage.com/176x117.jpg/dddddd/000000	2018-02-08	10	Mauris enim leo, rhoncus sed, vestibulum sit amet, cursus id, turpis. Integer aliquet, massa id lobortis convallis, tortor risus dapibus augue, vel accumsan tellus nisi eu orci. Mauris lacinia sapien quis libero.	$458.74	rural	28	18
19	http://dummyimage.com/134x230.png/5fa2dd/ffffff	2017-10-08	10	Curabitur at ipsum ac tellus semper interdum.	$317.45	rural	68	10
20	http://dummyimage.com/103x209.jpg/cc0000/ffffff	2017-09-21	10	Nullam molestie nibh in lectus.	$412.75	rural	19	10
21	http://dummyimage.com/196x225.png/5fa2dd/ffffff	2018-04-24	6	Nulla ut erat id mauris vulputate elementum. Nullam varius. Nulla facilisi.	$762.07	rural	76	25
22	http://dummyimage.com/210x242.bmp/ff4444/ffffff	2018-03-14	1	Donec semper sapien a libero. Nam dui. Proin leo odio, porttitor id, consequat in, consequat ut, nulla.	$276.68	rural	50	16
23	http://dummyimage.com/139x130.jpg/ff4444/ffffff	2017-06-10	6	Aenean sit amet justo.	$567.99	rural	49	13
24	http://dummyimage.com/245x104.png/dddddd/000000	2018-04-28	1	Vestibulum ante ipsum primis in faucibus orci luctus et ultrices posuere cubilia Curae; Donec pharetra, magna vestibulum aliquet ultrices, erat tortor sollicitudin mi, sit amet lobortis sapien sapien non mi. Integer ac neque.	$752.66	rural	66	2
25	http://dummyimage.com/116x191.jpg/cc0000/ffffff	2018-04-23	9	Vestibulum sed magna at nunc commodo placerat. Praesent blandit. Nam nulla.	$353.64	rural	5	1
26	http://dummyimage.com/128x151.png/ff4444/ffffff	2018-03-25	9	In hac habitasse platea dictumst.	$34.58	rural	14	25
27	http://dummyimage.com/247x160.png/ff4444/ffffff	2017-07-30	9	Proin interdum mauris non ligula pellentesque ultrices. Phasellus id sapien in sapien iaculis congue.	$785.46	rural	27	21
28	http://dummyimage.com/115x171.bmp/5fa2dd/ffffff	2018-03-04	4	Morbi vel lectus in quam fringilla rhoncus. Mauris enim leo, rhoncus sed, vestibulum sit amet, cursus id, turpis.	$175.64	rural	44	20
29	http://dummyimage.com/119x196.png/ff4444/ffffff	2018-07-05	5	Quisque erat eros, viverra eget, congue eget, semper rutrum, nulla. Nunc purus. Phasellus in felis.	$443.47	rural	34	15
30	http://dummyimage.com/220x160.bmp/dddddd/000000	2017-08-15	6	Duis at velit eu est congue elementum. In hac habitasse platea dictumst.	$409.25	rural	29	15
31	http://dummyimage.com/214x159.jpg/5fa2dd/ffffff	2018-01-05	3	Integer a nibh. In quis justo.	$62.13	rural	28	7
32	http://dummyimage.com/180x237.bmp/5fa2dd/ffffff	2017-09-10	1	Vestibulum ante ipsum primis in faucibus orci luctus et ultrices posuere cubilia Curae; Nulla dapibus dolor vel est.	$49.32	rural	11	2
33	http://dummyimage.com/198x237.jpg/ff4444/ffffff	2018-06-16	1	Nam congue, risus semper porta volutpat, quam pede lobortis ligula, sit amet eleifend pede libero quis orci. Nullam molestie nibh in lectus. Pellentesque at nulla.	$944.26	rural	94	7
34	http://dummyimage.com/234x204.jpg/cc0000/ffffff	2017-08-20	4	In sagittis dui vel nisl. Duis ac nibh. Fusce lacus purus, aliquet at, feugiat non, pretium quis, lectus.	$916.56	rural	35	18
35	http://dummyimage.com/241x236.bmp/cc0000/ffffff	2017-06-08	6	Integer ac neque. Duis bibendum. Morbi non quam nec dui luctus rutrum.	$73.94	rural	25	6
36	http://dummyimage.com/124x166.bmp/5fa2dd/ffffff	2018-02-06	8	Maecenas pulvinar lobortis est.	$467.30	rural	98	15
37	http://dummyimage.com/165x189.bmp/5fa2dd/ffffff	2017-08-13	7	Nulla suscipit ligula in lacus. Curabitur at ipsum ac tellus semper interdum.	$577.62	rural	82	16
38	http://dummyimage.com/237x191.bmp/dddddd/000000	2017-06-02	4	Curabitur at ipsum ac tellus semper interdum.	$835.24	rural	68	16
39	http://dummyimage.com/127x197.png/ff4444/ffffff	2017-07-04	1	Duis bibendum, felis sed interdum venenatis, turpis enim blandit mi, in porttitor pede justo eu massa. Donec dapibus. Duis at velit eu est congue elementum.	$566.10	rural	78	8
40	http://dummyimage.com/242x129.png/ff4444/ffffff	2017-06-05	6	Quisque porta volutpat erat. Quisque erat eros, viverra eget, congue eget, semper rutrum, nulla. Nunc purus.	$983.10	rural	53	15
41	http://dummyimage.com/105x183.bmp/5fa2dd/ffffff	2017-11-25	9	Nam tristique tortor eu pede.	$232.99	rural	11	23
42	http://dummyimage.com/229x180.jpg/5fa2dd/ffffff	2017-07-09	8	Praesent lectus.	$811.34	rural	93	16
43	http://dummyimage.com/214x162.jpg/5fa2dd/ffffff	2017-10-19	10	Nulla justo. Aliquam quis turpis eget elit sodales scelerisque. Mauris sit amet eros.	$904.77	rural	5	2
44	http://dummyimage.com/224x129.png/ff4444/ffffff	2018-02-27	8	Praesent blandit lacinia erat. Vestibulum sed magna at nunc commodo placerat.	$887.06	rural	70	1
45	http://dummyimage.com/225x171.jpg/cc0000/ffffff	2017-06-20	10	Integer tincidunt ante vel ipsum. Praesent blandit lacinia erat. Vestibulum sed magna at nunc commodo placerat.	$4.98	rural	68	22
46	http://dummyimage.com/203x151.jpg/5fa2dd/ffffff	2018-04-08	4	Suspendisse accumsan tortor quis turpis.	$478.14	rural	22	18
47	http://dummyimage.com/178x100.png/5fa2dd/ffffff	2017-08-11	3	Donec odio justo, sollicitudin ut, suscipit a, feugiat et, eros. Vestibulum ac est lacinia nisi venenatis tristique. Fusce congue, diam id ornare imperdiet, sapien urna pretium nisl, ut volutpat sapien arcu sed augue.	$257.71	rural	52	12
48	http://dummyimage.com/236x158.jpg/cc0000/ffffff	2018-02-16	5	Etiam vel augue.	$629.57	rural	89	15
49	http://dummyimage.com/168x123.bmp/cc0000/ffffff	2018-05-23	9	Vivamus vestibulum sagittis sapien.	$340.21	rural	3	1
50	http://dummyimage.com/159x225.bmp/ff4444/ffffff	2018-01-14	1	Suspendisse potenti. Cras in purus eu magna vulputate luctus. Cum sociis natoque penatibus et magnis dis parturient montes, nascetur ridiculus mus.	$783.01	rural	15	5
51	http://dummyimage.com/250x142.jpg/ff4444/ffffff	2018-05-10	4	Sed vel enim sit amet nunc viverra dapibus. Nulla suscipit ligula in lacus.	$802.74	rural	87	17
52	http://dummyimage.com/209x175.png/5fa2dd/ffffff	2018-04-12	1	Duis bibendum. Morbi non quam nec dui luctus rutrum.	$322.22	rural	12	17
53	http://dummyimage.com/234x102.bmp/5fa2dd/ffffff	2017-12-26	5	Vivamus metus arcu, adipiscing molestie, hendrerit at, vulputate vitae, nisl. Aenean lectus.	$234.48	rural	32	19
54	http://dummyimage.com/138x181.png/cc0000/ffffff	2017-07-07	9	Donec odio justo, sollicitudin ut, suscipit a, feugiat et, eros. Vestibulum ac est lacinia nisi venenatis tristique.	$387.19	rural	12	10
55	http://dummyimage.com/213x136.bmp/cc0000/ffffff	2017-05-15	5	Proin risus. Praesent lectus. Vestibulum quam sapien, varius ut, blandit non, interdum in, ante.	$918.72	rural	72	19
56	http://dummyimage.com/200x237.jpg/5fa2dd/ffffff	2017-05-13	2	Donec ut dolor.	$314.46	rural	20	11
57	http://dummyimage.com/230x207.jpg/ff4444/ffffff	2017-11-26	6	Morbi vestibulum, velit id pretium iaculis, diam erat fermentum justo, nec condimentum neque sapien placerat ante. Nulla justo.	$941.96	rural	81	22
58	http://dummyimage.com/215x188.png/ff4444/ffffff	2018-01-17	7	Praesent blandit lacinia erat. Vestibulum sed magna at nunc commodo placerat. Praesent blandit.	$420.17	rural	88	4
59	http://dummyimage.com/186x143.jpg/cc0000/ffffff	2017-06-18	4	Quisque erat eros, viverra eget, congue eget, semper rutrum, nulla.	$254.79	rural	67	19
60	http://dummyimage.com/239x206.jpg/cc0000/ffffff	2018-03-10	10	Maecenas leo odio, condimentum id, luctus nec, molestie sed, justo. Pellentesque viverra pede ac diam.	$630.40	rural	4	12
61	http://dummyimage.com/119x159.jpg/ff4444/ffffff	2017-10-19	6	Curabitur in libero ut massa volutpat convallis.	$640.59	rural	88	24
62	http://dummyimage.com/203x153.png/dddddd/000000	2018-06-29	5	Donec posuere metus vitae ipsum.	$113.23	rural	4	5
63	http://dummyimage.com/242x179.bmp/ff4444/ffffff	2017-06-25	6	Sed ante.	$447.11	rural	79	11
64	http://dummyimage.com/211x117.jpg/5fa2dd/ffffff	2018-03-10	6	Vestibulum ante ipsum primis in faucibus orci luctus et ultrices posuere cubilia Curae; Donec pharetra, magna vestibulum aliquet ultrices, erat tortor sollicitudin mi, sit amet lobortis sapien sapien non mi.	$628.73	rural	12	1
65	http://dummyimage.com/130x167.jpg/5fa2dd/ffffff	2017-11-05	2	Praesent lectus.	$799.94	rural	75	17
66	http://dummyimage.com/104x116.jpg/dddddd/000000	2017-10-02	10	Vestibulum ante ipsum primis in faucibus orci luctus et ultrices posuere cubilia Curae; Donec pharetra, magna vestibulum aliquet ultrices, erat tortor sollicitudin mi, sit amet lobortis sapien sapien non mi. Integer ac neque. Duis bibendum.	$897.19	rural	1	11
67	http://dummyimage.com/130x186.bmp/5fa2dd/ffffff	2018-03-01	7	Duis ac nibh. Fusce lacus purus, aliquet at, feugiat non, pretium quis, lectus.	$925.52	rural	31	5
68	http://dummyimage.com/223x219.png/cc0000/ffffff	2018-03-06	9	Nulla facilisi. Cras non velit nec nisi vulputate nonummy. Maecenas tincidunt lacus at velit.	$411.52	rural	57	6
69	http://dummyimage.com/186x194.jpg/ff4444/ffffff	2017-09-27	2	Etiam faucibus cursus urna. Ut tellus.	$837.96	rural	91	16
70	http://dummyimage.com/230x116.png/5fa2dd/ffffff	2018-06-14	3	Vestibulum rutrum rutrum neque. Aenean auctor gravida sem.	$998.33	rural	68	3
71	http://dummyimage.com/248x140.png/ff4444/ffffff	2017-08-13	1	Aliquam augue quam, sollicitudin vitae, consectetuer eget, rutrum at, lorem. Integer tincidunt ante vel ipsum. Praesent blandit lacinia erat.	$456.95	rural	2	21
72	http://dummyimage.com/227x125.png/5fa2dd/ffffff	2018-05-31	5	Nam congue, risus semper porta volutpat, quam pede lobortis ligula, sit amet eleifend pede libero quis orci.	$737.81	rural	80	14
73	http://dummyimage.com/239x154.jpg/5fa2dd/ffffff	2017-09-14	10	Nullam porttitor lacus at turpis. Donec posuere metus vitae ipsum.	$852.25	rural	70	7
74	http://dummyimage.com/195x175.jpg/cc0000/ffffff	2017-09-10	8	Duis mattis egestas metus.	$797.87	rural	43	6
75	http://dummyimage.com/124x188.png/dddddd/000000	2017-11-13	4	Morbi a ipsum.	$406.03	rural	35	25
76	http://dummyimage.com/218x131.jpg/5fa2dd/ffffff	2017-10-23	4	Vestibulum ac est lacinia nisi venenatis tristique. Fusce congue, diam id ornare imperdiet, sapien urna pretium nisl, ut volutpat sapien arcu sed augue. Aliquam erat volutpat.	$231.33	rural	64	11
77	http://dummyimage.com/109x181.bmp/dddddd/000000	2018-02-23	8	Integer tincidunt ante vel ipsum.	$646.32	rural	100	12
78	http://dummyimage.com/134x236.jpg/cc0000/ffffff	2018-02-24	5	Lorem ipsum dolor sit amet, consectetuer adipiscing elit.	$54.47	rural	55	24
79	http://dummyimage.com/215x119.bmp/cc0000/ffffff	2018-01-06	9	Nulla mollis molestie lorem. Quisque ut erat. Curabitur gravida nisi at nibh.	$301.90	rural	78	18
80	http://dummyimage.com/165x213.jpg/dddddd/000000	2017-09-16	3	Sed ante.	$577.83	rural	95	23
81	http://dummyimage.com/211x175.bmp/5fa2dd/ffffff	2017-07-22	4	Ut tellus.	$350.60	rural	88	24
82	http://dummyimage.com/127x149.png/ff4444/ffffff	2017-06-13	4	Lorem ipsum dolor sit amet, consectetuer adipiscing elit. Proin risus. Praesent lectus.	$307.68	rural	71	19
83	http://dummyimage.com/183x146.bmp/dddddd/000000	2018-04-22	6	Nulla nisl. Nunc nisl. Duis bibendum, felis sed interdum venenatis, turpis enim blandit mi, in porttitor pede justo eu massa.	$720.23	rural	70	5
84	http://dummyimage.com/213x230.jpg/ff4444/ffffff	2018-01-20	2	Cras non velit nec nisi vulputate nonummy. Maecenas tincidunt lacus at velit. Vivamus vel nulla eget eros elementum pellentesque.	$869.77	rural	72	13
85	http://dummyimage.com/218x181.bmp/cc0000/ffffff	2018-01-07	7	Integer ac neque. Duis bibendum. Morbi non quam nec dui luctus rutrum.	$532.49	rural	56	19
86	http://dummyimage.com/148x121.jpg/5fa2dd/ffffff	2017-08-06	4	In congue.	$546.18	rural	20	18
87	http://dummyimage.com/189x138.png/dddddd/000000	2017-07-16	6	Curabitur convallis.	$507.85	rural	94	5
88	http://dummyimage.com/106x128.jpg/5fa2dd/ffffff	2018-02-01	5	Etiam justo. Etiam pretium iaculis justo. In hac habitasse platea dictumst.	$402.08	rural	5	1
89	http://dummyimage.com/226x121.jpg/ff4444/ffffff	2017-07-09	10	Vestibulum ante ipsum primis in faucibus orci luctus et ultrices posuere cubilia Curae; Duis faucibus accumsan odio.	$572.36	rural	81	13
90	http://dummyimage.com/122x165.png/ff4444/ffffff	2018-06-29	5	Aliquam non mauris. Morbi non lectus. Aliquam sit amet diam in magna bibendum imperdiet.	$736.59	rural	59	24
91	http://dummyimage.com/224x178.jpg/ff4444/ffffff	2018-01-01	7	Nulla tellus.	$502.11	rural	7	25
92	http://dummyimage.com/202x107.png/cc0000/ffffff	2018-06-26	7	Nam congue, risus semper porta volutpat, quam pede lobortis ligula, sit amet eleifend pede libero quis orci. Nullam molestie nibh in lectus. Pellentesque at nulla.	$912.54	rural	8	1
93	http://dummyimage.com/134x146.png/dddddd/000000	2018-04-23	2	Vestibulum ante ipsum primis in faucibus orci luctus et ultrices posuere cubilia Curae; Nulla dapibus dolor vel est.	$258.62	rural	4	13
94	http://dummyimage.com/182x182.jpg/dddddd/000000	2018-02-14	9	Vivamus vel nulla eget eros elementum pellentesque. Quisque porta volutpat erat.	$716.33	rural	59	4
95	http://dummyimage.com/128x139.bmp/ff4444/ffffff	2017-10-26	6	Integer aliquet, massa id lobortis convallis, tortor risus dapibus augue, vel accumsan tellus nisi eu orci.	$108.86	rural	69	16
96	http://dummyimage.com/228x108.jpg/cc0000/ffffff	2017-05-15	6	Aliquam erat volutpat.	$29.93	rural	85	22
97	http://dummyimage.com/119x166.png/cc0000/ffffff	2017-08-09	2	In sagittis dui vel nisl.	$625.87	rural	68	8
98	http://dummyimage.com/164x210.jpg/ff4444/ffffff	2017-11-16	8	Nulla tellus. In sagittis dui vel nisl. Duis ac nibh.	$630.67	rural	97	3
99	http://dummyimage.com/131x190.jpg/5fa2dd/ffffff	2017-06-12	5	Vestibulum sed magna at nunc commodo placerat. Praesent blandit. Nam nulla.	$997.28	rural	15	10
100	http://dummyimage.com/233x228.bmp/5fa2dd/ffffff	2017-12-21	1	Integer non velit. Donec diam neque, vestibulum eget, vulputate ut, ultrices vel, augue. 	$444.73	rural	32	23
101	http://dummyimage.com/174x240.png/dddddd/000000	2017-11-12	1	Morbi sem mauris, laoreet ut, rhoncus aliquet, pulvinar sed, nisl.	$367.40	rural	58	10
102	http://dummyimage.com/124x212.jpg/dddddd/000000	2017-12-16	5	Quisque arcu libero, rutrum ac, lobortis vel, dapibus at, diam.	$991.22	rural	53	10
103	http://dummyimage.com/182x145.bmp/5fa2dd/ffffff	2017-12-17	7	Maecenas ut massa quis augue luctus tincidunt. Nulla mollis molestie lorem. Quisque ut erat.	$710.06	rural	87	19
104	http://dummyimage.com/222x242.jpg/cc0000/ffffff	2017-06-08	5	Praesent blandit. Nam nulla. Integer pede justo, lacinia eget, tincidunt eget, tempus vel, pede.	$134.32	rural	87	14
105	http://dummyimage.com/128x185.jpg/5fa2dd/ffffff	2018-01-28	7	Integer aliquet, massa id lobortis convallis, tortor risus dapibus augue, vel accumsan tellus nisi eu orci. Mauris lacinia sapien quis libero.	$844.73	rural	68	10
106	http://dummyimage.com/230x117.png/ff4444/ffffff	2018-02-25	3	Aenean fermentum.	$267.04	rural	3	21
107	http://dummyimage.com/220x236.bmp/5fa2dd/ffffff	2018-02-07	4	Praesent id massa id nisl venenatis lacinia. Aenean sit amet justo.	$432.43	rural	34	3
108	http://dummyimage.com/177x145.bmp/cc0000/ffffff	2017-08-04	6	Nulla mollis molestie lorem. Quisque ut erat. Curabitur gravida nisi at nibh.	$232.14	rural	74	15
109	http://dummyimage.com/103x147.jpg/ff4444/ffffff	2018-04-25	3	Suspendisse potenti. Cras in purus eu magna vulputate luctus. Cum sociis natoque penatibus et magnis dis parturient montes, nascetur ridiculus mus.	$74.75	rural	17	23
110	http://dummyimage.com/250x198.png/cc0000/ffffff	2017-10-02	7	In quis justo.	$784.61	rural	29	24
111	http://dummyimage.com/151x247.bmp/ff4444/ffffff	2017-08-30	8	Maecenas rhoncus aliquam lacus.	$319.92	rural	52	2
112	http://dummyimage.com/137x162.jpg/5fa2dd/ffffff	2017-11-12	2	Cras non velit nec nisi vulputate nonummy. Maecenas tincidunt lacus at velit.	$197.07	rural	65	13
113	http://dummyimage.com/189x182.png/cc0000/ffffff	2017-09-22	8	Proin interdum mauris non ligula pellentesque ultrices.	$524.20	rural	85	3
114	http://dummyimage.com/148x206.png/5fa2dd/ffffff	2017-09-02	3	Duis aliquam convallis nunc.	$181.38	rural	69	11
115	http://dummyimage.com/213x244.jpg/ff4444/ffffff	2017-08-22	2	Vestibulum ante ipsum primis in faucibus orci luctus et ultrices posuere cubilia Curae; Mauris viverra diam vitae quam. Suspendisse potenti.	$887.90	rural	85	14
116	http://dummyimage.com/135x147.bmp/ff4444/ffffff	2018-01-14	1	Fusce congue, diam id ornare imperdiet, sapien urna pretium nisl, ut volutpat sapien arcu sed augue. Aliquam erat volutpat.	$339.03	rural	2	5
117	http://dummyimage.com/250x189.jpg/5fa2dd/ffffff	2017-08-19	9	Vestibulum quam sapien, varius ut, blandit non, interdum in, ante.	$218.90	rural	34	21
118	http://dummyimage.com/194x153.jpg/cc0000/ffffff	2017-10-15	5	Vestibulum ante ipsum primis in faucibus orci luctus et ultrices posuere cubilia Curae; Nulla dapibus dolor vel est.	$332.90	rural	86	3
119	http://dummyimage.com/226x105.png/5fa2dd/ffffff	2017-09-04	7	Sed accumsan felis.	$557.78	rural	52	18
120	http://dummyimage.com/171x148.png/dddddd/000000	2018-05-26	10	Aliquam erat volutpat. In congue.	$686.40	rural	10	3
121	http://dummyimage.com/164x170.bmp/5fa2dd/ffffff	2018-04-30	9	Suspendisse accumsan tortor quis turpis.	$769.82	rural	85	3
122	http://dummyimage.com/249x116.jpg/cc0000/ffffff	2017-11-04	7	Aliquam augue quam, sollicitudin vitae, consectetuer eget, rutrum at, lorem. Integer tincidunt ante vel ipsum. Praesent blandit lacinia erat.	$779.87	rural	93	17
123	http://dummyimage.com/132x230.png/cc0000/ffffff	2017-06-22	2	Donec vitae nisi.	$805.76	rural	74	7
124	http://dummyimage.com/153x198.png/5fa2dd/ffffff	2017-11-14	4	Cras in purus eu magna vulputate luctus. Cum sociis natoque penatibus et magnis dis parturient montes, nascetur ridiculus mus. Vivamus vestibulum sagittis sapien.	$390.97	rural	95	8
125	http://dummyimage.com/113x176.png/ff4444/ffffff	2018-04-02	10	Integer ac neque.	$545.66	mountain	26	20
126	http://dummyimage.com/155x125.bmp/5fa2dd/ffffff	2018-01-16	7	Cum sociis natoque penatibus et magnis dis parturient montes, nascetur ridiculus mus. Vivamus vestibulum sagittis sapien. Cum sociis natoque penatibus et magnis dis parturient montes, nascetur ridiculus mus.	$557.76	mountain	3	13
127	http://dummyimage.com/142x102.png/dddddd/000000	2017-10-30	3	Donec semper sapien a libero. Nam dui.	$81.13	mountain	32	3
128	http://dummyimage.com/189x141.png/5fa2dd/ffffff	2017-12-28	1	In congue.	$834.83	mountain	12	25
129	http://dummyimage.com/169x193.bmp/dddddd/000000	2017-11-18	3	Duis bibendum, felis sed interdum venenatis, turpis enim blandit mi, in porttitor pede justo eu massa. Donec dapibus. Duis at velit eu est congue elementum.	$512.81	mountain	87	13
130	http://dummyimage.com/239x107.png/cc0000/ffffff	2018-02-04	8	Maecenas leo odio, condimentum id, luctus nec, molestie sed, justo. Pellentesque viverra pede ac diam. Cras pellentesque volutpat dui.	$367.17	mountain	80	24
131	http://dummyimage.com/238x102.bmp/5fa2dd/ffffff	2018-04-26	5	Morbi porttitor lorem id ligula.	$380.81	mountain	80	23
132	http://dummyimage.com/213x234.jpg/cc0000/ffffff	2017-07-02	3	Cras pellentesque volutpat dui. Maecenas tristique, est et tempus semper, est quam pharetra magna, ac consequat metus sapien ut nunc. Vestibulum ante ipsum primis in faucibus orci luctus et ultrices posuere cubilia Curae; Mauris viverra diam vitae quam.	$729.18	mountain	94	15
133	http://dummyimage.com/246x140.bmp/ff4444/ffffff	2017-07-11	6	Vestibulum ante ipsum primis in faucibus orci luctus et ultrices posuere cubilia Curae; Mauris viverra diam vitae quam. Suspendisse potenti. Nullam porttitor lacus at turpis.	$777.79	mountain	72	9
134	http://dummyimage.com/194x248.jpg/ff4444/ffffff	2017-08-15	9	Duis bibendum, felis sed interdum venenatis, turpis enim blandit mi, in porttitor pede justo eu massa.	$868.18	mountain	71	18
135	http://dummyimage.com/199x250.jpg/ff4444/ffffff	2018-06-10	6	Sed ante.	$91.57	mountain	53	21
136	http://dummyimage.com/178x161.jpg/ff4444/ffffff	2017-06-28	7	Aenean fermentum. Donec ut mauris eget massa tempor convallis.	$875.18	mountain	19	18
137	http://dummyimage.com/100x213.bmp/ff4444/ffffff	2017-11-26	7	Morbi non lectus.	$378.37	mountain	13	6
138	http://dummyimage.com/206x160.bmp/cc0000/ffffff	2017-10-02	1	In blandit ultrices enim.	$762.57	mountain	34	25
139	http://dummyimage.com/133x211.png/5fa2dd/ffffff	2018-07-01	8	Etiam vel augue.	$447.39	mountain	66	20
140	http://dummyimage.com/178x211.jpg/cc0000/ffffff	2018-02-07	2	Cum sociis natoque penatibus et magnis dis parturient montes, nascetur ridiculus mus. Etiam vel augue. Vestibulum rutrum rutrum neque.	$209.93	mountain	43	15
141	http://dummyimage.com/243x137.bmp/ff4444/ffffff	2017-07-11	3	Nunc nisl. Duis bibendum, felis sed interdum venenatis, turpis enim blandit mi, in porttitor pede justo eu massa. Donec dapibus.	$108.74	mountain	76	15
142	http://dummyimage.com/188x228.bmp/5fa2dd/ffffff	2018-05-10	1	Nam dui. Proin leo odio, porttitor id, consequat in, consequat ut, nulla.	$317.98	mountain	75	22
143	http://dummyimage.com/119x117.jpg/ff4444/ffffff	2017-06-06	8	Curabitur at ipsum ac tellus semper interdum. Mauris ullamcorper purus sit amet nulla. Quisque arcu libero, rutrum ac, lobortis vel, dapibus at, diam.	$389.35	mountain	2	19
144	http://dummyimage.com/194x111.jpg/ff4444/ffffff	2017-11-15	9	Nulla nisl. Nunc nisl.	$205.33	mountain	50	7
145	http://dummyimage.com/206x225.png/dddddd/000000	2018-06-04	7	Integer a nibh. In quis justo.	$251.32	mountain	99	25
146	http://dummyimage.com/147x227.jpg/cc0000/ffffff	2017-10-06	5	In blandit ultrices enim. Lorem ipsum dolor sit amet, consectetuer adipiscing elit.	$545.44	mountain	72	9
147	http://dummyimage.com/179x247.bmp/dddddd/000000	2018-06-26	1	Sed ante. Vivamus tortor.	$450.67	mountain	15	9
148	http://dummyimage.com/227x202.png/cc0000/ffffff	2017-08-07	3	Curabitur in libero ut massa volutpat convallis. Morbi odio odio, elementum eu, interdum eu, tincidunt in, leo. Maecenas pulvinar lobortis est.	$293.32	mountain	20	24
149	http://dummyimage.com/194x238.bmp/5fa2dd/ffffff	2018-01-05	9	Nulla mollis molestie lorem. Quisque ut erat.	$464.39	mountain	21	6
150	http://dummyimage.com/203x183.jpg/cc0000/ffffff	2017-06-21	6	Pellentesque viverra pede ac diam. Cras pellentesque volutpat dui.	$207.74	mountain	40	14
151	http://dummyimage.com/141x205.jpg/5fa2dd/ffffff	2017-10-20	2	Cum sociis natoque penatibus et magnis dis parturient montes, nascetur ridiculus mus. Etiam vel augue.	$2.94	mountain	2	12
152	http://dummyimage.com/237x131.jpg/dddddd/000000	2017-09-14	3	Praesent blandit. Nam nulla. Integer pede justo, lacinia eget, tincidunt eget, tempus vel, pede.	$124.76	mountain	57	11
153	http://dummyimage.com/125x221.bmp/cc0000/ffffff	2017-06-04	4	Etiam pretium iaculis justo. In hac habitasse platea dictumst. Etiam faucibus cursus urna.	$558.18	mountain	2	2
154	http://dummyimage.com/139x230.jpg/5fa2dd/ffffff	2017-09-09	10	Cum sociis natoque penatibus et magnis dis parturient montes, nascetur ridiculus mus. Vivamus vestibulum sagittis sapien. Cum sociis natoque penatibus et magnis dis parturient montes, nascetur ridiculus mus.	$797.29	mountain	83	20
155	http://dummyimage.com/208x153.bmp/ff4444/ffffff	2018-03-14	9	Duis bibendum. Morbi non quam nec dui luctus rutrum. Nulla tellus.	$737.87	mountain	19	23
156	http://dummyimage.com/187x174.png/ff4444/ffffff	2018-03-19	8	Nunc purus. Phasellus in felis.	$620.06	mountain	92	2
157	http://dummyimage.com/186x240.bmp/cc0000/ffffff	2017-05-30	7	Morbi non lectus. Aliquam sit amet diam in magna bibendum imperdiet.	$653.50	mountain	25	12
158	http://dummyimage.com/186x230.jpg/5fa2dd/ffffff	2017-12-19	10	Phasellus in felis. Donec semper sapien a libero. Nam dui.	$975.82	mountain	48	13
159	http://dummyimage.com/177x214.jpg/5fa2dd/ffffff	2017-10-08	2	Vestibulum ante ipsum primis in faucibus orci luctus et ultrices posuere cubilia Curae; Duis faucibus accumsan odio.	$720.02	mountain	91	2
160	http://dummyimage.com/138x151.bmp/ff4444/ffffff	2017-12-18	8	Nullam orci pede, venenatis non, sodales sed, tincidunt eu, felis. Fusce posuere felis sed lacus.	$323.96	mountain	40	18
161	http://dummyimage.com/135x245.bmp/5fa2dd/ffffff	2017-10-23	7	Morbi ut odio. Cras mi pede, malesuada in, imperdiet et, commodo vulputate, justo. In blandit ultrices enim.	$331.29	mountain	5	8
162	http://dummyimage.com/221x145.png/dddddd/000000	2017-07-30	9	Quisque erat eros, viverra eget, congue eget, semper rutrum, nulla. Nunc purus.	$606.00	mountain	63	11
163	http://dummyimage.com/134x108.jpg/dddddd/000000	2018-04-23	2	Suspendisse potenti. In eleifend quam a odio.	$234.23	mountain	48	24
164	http://dummyimage.com/144x183.png/cc0000/ffffff	2018-01-08	10	Morbi non lectus. Aliquam sit amet diam in magna bibendum imperdiet. Nullam orci pede, venenatis non, sodales sed, tincidunt eu, felis.	$779.31	mountain	80	10
165	http://dummyimage.com/174x154.bmp/cc0000/ffffff	2018-01-06	8	Cum sociis natoque penatibus et magnis dis parturient montes, nascetur ridiculus mus. Vivamus vestibulum sagittis sapien.	$649.98	mountain	67	3
166	http://dummyimage.com/233x249.png/ff4444/ffffff	2018-04-29	8	Cras in purus eu magna vulputate luctus.	$408.27	mountain	49	13
167	http://dummyimage.com/188x232.jpg/5fa2dd/ffffff	2017-09-06	9	Suspendisse accumsan tortor quis turpis.	$792.77	mountain	45	4
168	http://dummyimage.com/176x228.png/cc0000/ffffff	2018-07-06	1	Suspendisse potenti.	$727.19	mountain	83	6
169	http://dummyimage.com/194x242.jpg/ff4444/ffffff	2017-10-06	10	In hac habitasse platea dictumst. Etiam faucibus cursus urna. Ut tellus.	$366.33	mountain	91	12
170	http://dummyimage.com/242x150.jpg/cc0000/ffffff	2018-05-17	10	Phasellus sit amet erat. Nulla tempus.	$850.53	mountain	41	16
171	http://dummyimage.com/241x247.jpg/cc0000/ffffff	2017-07-08	9	Cum sociis natoque penatibus et magnis dis parturient montes, nascetur ridiculus mus. Etiam vel augue.	$370.33	mountain	85	4
172	http://dummyimage.com/147x147.jpg/5fa2dd/ffffff	2018-06-02	5	Ut at dolor quis odio consequat varius.	$76.28	mountain	9	2
173	http://dummyimage.com/230x191.bmp/5fa2dd/ffffff	2018-06-28	7	Sed vel enim sit amet nunc viverra dapibus. Nulla suscipit ligula in lacus.	$769.08	mountain	35	20
174	http://dummyimage.com/168x215.png/5fa2dd/ffffff	2018-02-01	5	Cum sociis natoque penatibus et magnis dis parturient montes, nascetur ridiculus mus. Vivamus vestibulum sagittis sapien. Cum sociis natoque penatibus et magnis dis parturient montes, nascetur ridiculus mus.	$344.05	mountain	32	13
175	http://dummyimage.com/242x231.bmp/cc0000/ffffff	2017-07-10	2	Duis ac nibh. Fusce lacus purus, aliquet at, feugiat non, pretium quis, lectus. Suspendisse potenti.	$509.63	mountain	43	5
176	http://dummyimage.com/136x227.bmp/cc0000/ffffff	2017-11-06	2	Vivamus in felis eu sapien cursus vestibulum.	$558.30	mountain	65	24
177	http://dummyimage.com/104x127.png/cc0000/ffffff	2017-08-26	9	Duis consequat dui nec nisi volutpat eleifend.	$51.89	mountain	28	18
178	http://dummyimage.com/100x131.png/ff4444/ffffff	2017-07-06	8	In tempor, turpis nec euismod scelerisque, quam turpis adipiscing lorem, vitae mattis nibh ligula nec sem. Duis aliquam convallis nunc. Proin at turpis a pede posuere nonummy.	$908.90	mountain	35	8
179	http://dummyimage.com/161x181.png/cc0000/ffffff	2018-06-24	6	Morbi porttitor lorem id ligula.	$391.05	mountain	55	15
180	http://dummyimage.com/151x112.png/dddddd/000000	2017-10-09	5	Curabitur in libero ut massa volutpat convallis. Morbi odio odio, elementum eu, interdum eu, tincidunt in, leo.	$959.85	mountain	13	13
181	http://dummyimage.com/146x217.bmp/ff4444/ffffff	2017-12-13	8	Aliquam sit amet diam in magna bibendum imperdiet.	$841.76	mountain	70	21
182	http://dummyimage.com/245x148.jpg/dddddd/000000	2017-10-13	4	Sed sagittis. Nam congue, risus semper porta volutpat, quam pede lobortis ligula, sit amet eleifend pede libero quis orci.	$532.38	mountain	23	21
183	http://dummyimage.com/106x114.bmp/cc0000/ffffff	2018-06-04	7	Morbi non quam nec dui luctus rutrum. Nulla tellus.	$927.34	mountain	93	16
184	http://dummyimage.com/225x248.bmp/dddddd/000000	2017-10-23	3	Cum sociis natoque penatibus et magnis dis parturient montes, nascetur ridiculus mus.	$707.85	mountain	35	18
185	http://dummyimage.com/174x241.jpg/5fa2dd/ffffff	2018-02-11	6	Maecenas pulvinar lobortis est. Phasellus sit amet erat. Nulla tempus.	$24.45	mountain	64	11
186	http://dummyimage.com/215x144.png/cc0000/ffffff	2017-12-29	5	Cras pellentesque volutpat dui.	$917.15	mountain	84	5
187	http://dummyimage.com/218x145.png/cc0000/ffffff	2018-02-02	1	Cum sociis natoque penatibus et magnis dis parturient montes, nascetur ridiculus mus. Etiam vel augue. Vestibulum rutrum rutrum neque.	$112.50	mountain	71	23
188	http://dummyimage.com/187x135.bmp/cc0000/ffffff	2017-08-26	4	Sed accumsan felis.	$251.70	mountain	6	12
189	http://dummyimage.com/165x179.png/5fa2dd/ffffff	2018-05-05	6	Nunc purus.	$817.88	mountain	25	2
190	http://dummyimage.com/165x188.png/ff4444/ffffff	2018-02-16	7	In eleifend quam a odio. In hac habitasse platea dictumst. Maecenas ut massa quis augue luctus tincidunt.	$462.94	mountain	84	19
191	http://dummyimage.com/236x133.bmp/dddddd/000000	2018-03-15	8	Nulla mollis molestie lorem.	$142.22	mountain	37	2
192	http://dummyimage.com/191x139.jpg/5fa2dd/ffffff	2018-01-28	5	Aliquam sit amet diam in magna bibendum imperdiet. Nullam orci pede, venenatis non, sodales sed, tincidunt eu, felis. Fusce posuere felis sed lacus.	$514.38	mountain	92	1
193	http://dummyimage.com/144x222.bmp/5fa2dd/ffffff	2018-05-18	9	In sagittis dui vel nisl. Duis ac nibh. Fusce lacus purus, aliquet at, feugiat non, pretium quis, lectus.	$249.17	mountain	52	4
194	http://dummyimage.com/173x118.bmp/5fa2dd/ffffff	2017-05-11	6	Duis at velit eu est congue elementum.	$895.28	mountain	33	12
195	http://dummyimage.com/124x177.png/dddddd/000000	2017-09-19	9	Mauris enim leo, rhoncus sed, vestibulum sit amet, cursus id, turpis. Integer aliquet, massa id lobortis convallis, tortor risus dapibus augue, vel accumsan tellus nisi eu orci.	$304.04	mountain	25	7
196	http://dummyimage.com/239x132.jpg/dddddd/000000	2018-02-18	2	Vestibulum ante ipsum primis in faucibus orci luctus et ultrices posuere cubilia Curae; Nulla dapibus dolor vel est.	$948.41	mountain	48	6
197	http://dummyimage.com/129x139.png/cc0000/ffffff	2018-06-19	5	Integer non velit. Donec diam neque, vestibulum eget, vulputate ut, ultrices vel, augue.	$492.65	mountain	19	3
198	http://dummyimage.com/140x128.bmp/ff4444/ffffff	2018-03-16	9	Maecenas rhoncus aliquam lacus. Morbi quis tortor id nulla ultrices aliquet. Maecenas leo odio, condimentum id, luctus nec, molestie sed, justo.	$125.15	mountain	65	5
199	http://dummyimage.com/237x241.bmp/cc0000/ffffff	2018-06-16	10	Suspendisse potenti. Cras in purus eu magna vulputate luctus.	$543.29	mountain	99	5
200	http://dummyimage.com/136x221.bmp/cc0000/ffffff	2018-04-12	10	Donec ut dolor. Morbi vel lectus in quam fringilla rhoncus. Mauris enim leo, rhoncus sed, vestibulum sit amet, cursus id, turpis.	$392.83	mountain	61	4
201	http://dummyimage.com/104x223.jpg/5fa2dd/ffffff	2017-07-21	8	Etiam justo.	$326.01	mountain	55	24
202	http://dummyimage.com/221x157.png/dddddd/000000	2017-10-13	3	Lorem ipsum dolor sit amet, consectetuer adipiscing elit. Proin risus.	$394.95	mountain	14	3
203	http://dummyimage.com/225x233.bmp/5fa2dd/ffffff	2017-06-19	1	Donec posuere metus vitae ipsum. Aliquam non mauris.	$114.93	mountain	13	8
204	http://dummyimage.com/224x214.png/ff4444/ffffff	2018-01-29	2	Maecenas tincidunt lacus at velit.	$310.78	mountain	74	22
205	http://dummyimage.com/225x230.png/dddddd/000000	2017-09-15	8	Mauris ullamcorper purus sit amet nulla. Quisque arcu libero, rutrum ac, lobortis vel, dapibus at, diam. Nam tristique tortor eu pede.	$706.29	mountain	73	9
206	http://dummyimage.com/137x212.png/5fa2dd/ffffff	2017-05-10	6	Morbi porttitor lorem id ligula. Suspendisse ornare consequat lectus.	$627.01	ski	15	17
207	http://dummyimage.com/185x120.png/cc0000/ffffff	2017-10-01	6	Aenean sit amet justo. Morbi ut odio. Cras mi pede, malesuada in, imperdiet et, commodo vulputate, justo.	$896.77	ski	52	21
208	http://dummyimage.com/199x137.png/cc0000/ffffff	2017-07-24	8	Integer ac neque. Duis bibendum.	$267.75	ski	51	21
209	http://dummyimage.com/163x218.png/5fa2dd/ffffff	2017-07-09	6	Nunc purus. Phasellus in felis. Donec semper sapien a libero.	$985.48	ski	71	10
210	http://dummyimage.com/102x250.png/ff4444/ffffff	2017-07-22	2	Duis at velit eu est congue elementum.	$744.17	ski	69	10
211	http://dummyimage.com/187x154.jpg/dddddd/000000	2017-08-27	9	Duis consequat dui nec nisi volutpat eleifend.	$882.46	ski	28	12
212	http://dummyimage.com/158x160.jpg/dddddd/000000	2017-11-01	1	Sed sagittis.	$766.97	ski	40	18
213	http://dummyimage.com/124x156.png/ff4444/ffffff	2017-08-29	9	Proin risus. Praesent lectus.	$384.31	ski	50	10
214	http://dummyimage.com/113x117.png/5fa2dd/ffffff	2017-06-30	9	Ut tellus.	$729.74	ski	94	23
215	http://dummyimage.com/157x165.jpg/5fa2dd/ffffff	2018-04-25	7	Vivamus tortor. Duis mattis egestas metus. Aenean fermentum.	$692.94	ski	29	9
216	http://dummyimage.com/240x135.jpg/ff4444/ffffff	2018-07-04	2	Maecenas ut massa quis augue luctus tincidunt.	$501.41	ski	54	20
217	http://dummyimage.com/116x233.jpg/ff4444/ffffff	2018-04-02	6	Curabitur gravida nisi at nibh. In hac habitasse platea dictumst. Aliquam augue quam, sollicitudin vitae, consectetuer eget, rutrum at, lorem.	$23.15	ski	21	15
218	http://dummyimage.com/145x137.png/ff4444/ffffff	2017-07-13	9	Phasellus sit amet erat. Nulla tempus.	$890.89	ski	17	5
219	http://dummyimage.com/221x240.bmp/dddddd/000000	2018-05-12	5	Nam ultrices, libero non mattis pulvinar, nulla pede ullamcorper augue, a suscipit nulla elit ac nulla. Sed vel enim sit amet nunc viverra dapibus.	$276.27	ski	22	14
220	http://dummyimage.com/112x247.bmp/dddddd/000000	2017-10-11	3	Pellentesque ultrices mattis odio. Donec vitae nisi.	$677.26	ski	45	16
221	http://dummyimage.com/133x121.jpg/cc0000/ffffff	2017-09-17	8	Cum sociis natoque penatibus et magnis dis parturient montes, nascetur ridiculus mus. Vivamus vestibulum sagittis sapien. Cum sociis natoque penatibus et magnis dis parturient montes, nascetur ridiculus mus.	$555.09	ski	87	7
222	http://dummyimage.com/109x107.bmp/5fa2dd/ffffff	2017-09-11	2	In quis justo. Maecenas rhoncus aliquam lacus. Morbi quis tortor id nulla ultrices aliquet.	$758.28	ski	26	21
223	http://dummyimage.com/218x171.png/5fa2dd/ffffff	2018-03-07	6	Proin at turpis a pede posuere nonummy. Integer non velit. Donec diam neque, vestibulum eget, vulputate ut, ultrices vel, augue.	$70.26	ski	79	8
224	http://dummyimage.com/146x217.bmp/cc0000/ffffff	2017-11-07	9	Nunc nisl. Duis bibendum, felis sed interdum venenatis, turpis enim blandit mi, in porttitor pede justo eu massa. Donec dapibus.	$833.20	ski	74	20
225	http://dummyimage.com/205x130.png/5fa2dd/ffffff	2017-06-23	8	Nam nulla. Integer pede justo, lacinia eget, tincidunt eget, tempus vel, pede.	$826.84	ski	77	1
226	http://dummyimage.com/133x168.png/5fa2dd/ffffff	2018-02-11	6	In hac habitasse platea dictumst. Morbi vestibulum, velit id pretium iaculis, diam erat fermentum justo, nec condimentum neque sapien placerat ante.	$167.30	ski	28	3
227	http://dummyimage.com/123x175.bmp/5fa2dd/ffffff	2017-10-08	2	Phasellus sit amet erat.	$366.29	ski	12	8
228	http://dummyimage.com/106x193.jpg/5fa2dd/ffffff	2018-04-16	8	Praesent blandit lacinia erat. Vestibulum sed magna at nunc commodo placerat.	$180.82	ski	79	15
229	http://dummyimage.com/223x234.jpg/cc0000/ffffff	2017-07-20	10	Fusce consequat. Nulla nisl.	$181.03	ski	79	15
230	http://dummyimage.com/241x119.png/ff4444/ffffff	2018-01-09	1	Morbi a ipsum. Integer a nibh. In quis justo.	$612.70	ski	90	24
231	http://dummyimage.com/137x250.bmp/cc0000/ffffff	2018-04-06	8	Morbi porttitor lorem id ligula. Suspendisse ornare consequat lectus.	$324.18	ski	42	15
232	http://dummyimage.com/191x108.jpg/cc0000/ffffff	2018-04-23	6	Fusce congue, diam id ornare imperdiet, sapien urna pretium nisl, ut volutpat sapien arcu sed augue.	$205.41	ski	91	24
233	http://dummyimage.com/237x218.jpg/5fa2dd/ffffff	2018-05-17	2	Pellentesque at nulla.	$827.61	ski	35	19
234	http://dummyimage.com/134x221.png/dddddd/000000	2017-10-03	1	Integer ac leo. Pellentesque ultrices mattis odio. Donec vitae nisi.	$691.22	ski	74	5
235	http://dummyimage.com/194x194.png/dddddd/000000	2017-11-22	3	Duis bibendum, felis sed interdum venenatis, turpis enim blandit mi, in porttitor pede justo eu massa. Donec dapibus. Duis at velit eu est congue elementum.	$454.80	ski	5	12
236	http://dummyimage.com/186x125.bmp/dddddd/000000	2018-01-16	5	Proin at turpis a pede posuere nonummy. Integer non velit. Donec diam neque, vestibulum eget, vulputate ut, ultrices vel, augue.	$319.07	ski	33	7
237	http://dummyimage.com/243x186.png/cc0000/ffffff	2017-12-16	3	Donec semper sapien a libero. Nam dui. Proin leo odio, porttitor id, consequat in, consequat ut, nulla.	$309.98	ski	37	24
238	http://dummyimage.com/127x246.bmp/5fa2dd/ffffff	2017-05-23	5	Vivamus tortor. Duis mattis egestas metus.	$456.01	ski	55	13
239	http://dummyimage.com/176x230.bmp/5fa2dd/ffffff	2018-06-05	9	Curabitur at ipsum ac tellus semper interdum. Mauris ullamcorper purus sit amet nulla. Quisque arcu libero, rutrum ac, lobortis vel, dapibus at, diam.	$36.27	ski	27	2
240	http://dummyimage.com/171x132.jpg/cc0000/ffffff	2017-08-01	3	Cum sociis natoque penatibus et magnis dis parturient montes, nascetur ridiculus mus.	$186.95	ski	87	12
241	http://dummyimage.com/246x128.jpg/5fa2dd/ffffff	2018-03-08	9	Morbi non quam nec dui luctus rutrum.	$789.93	ski	25	11
242	http://dummyimage.com/105x201.jpg/cc0000/ffffff	2018-01-30	6	In hac habitasse platea dictumst. Morbi vestibulum, velit id pretium iaculis, diam erat fermentum justo, nec condimentum neque sapien placerat ante. Nulla justo.	$522.85	ski	83	14
243	http://dummyimage.com/247x149.bmp/cc0000/ffffff	2017-05-20	1	Sed sagittis.	$719.47	ski	62	6
244	http://dummyimage.com/208x211.png/cc0000/ffffff	2018-01-22	5	Cras in purus eu magna vulputate luctus.	$111.24	ski	90	10
245	http://dummyimage.com/128x190.jpg/5fa2dd/ffffff	2018-04-29	6	Donec quis orci eget orci vehicula condimentum. Curabitur in libero ut massa volutpat convallis. Morbi odio odio, elementum eu, interdum eu, tincidunt in, leo.	$440.01	ski	37	18
246	http://dummyimage.com/242x155.png/dddddd/000000	2017-11-15	10	Mauris sit amet eros. Suspendisse accumsan tortor quis turpis. Sed ante.	$348.31	ski	91	3
247	http://dummyimage.com/196x145.jpg/dddddd/000000	2018-06-25	7	Curabitur at ipsum ac tellus semper interdum.	$316.88	ski	8	17
248	http://dummyimage.com/150x129.bmp/5fa2dd/ffffff	2017-10-02	2	Pellentesque eget nunc.	$533.29	ski	59	15
249	http://dummyimage.com/186x155.bmp/dddddd/000000	2018-05-23	7	Morbi odio odio, elementum eu, interdum eu, tincidunt in, leo. Maecenas pulvinar lobortis est.	$356.43	ski	50	19
250	http://dummyimage.com/158x197.bmp/ff4444/ffffff	2018-07-09	6	Sed vel enim sit amet nunc viverra dapibus. Nulla suscipit ligula in lacus.	$276.85	ski	61	17
251	http://dummyimage.com/237x190.bmp/dddddd/000000	2018-07-09	3	Vestibulum quam sapien, varius ut, blandit non, interdum in, ante. Vestibulum ante ipsum primis in faucibus orci luctus et ultrices posuere cubilia Curae; Duis faucibus accumsan odio.	$664.09	ski	18	19
252	http://dummyimage.com/104x183.bmp/cc0000/ffffff	2018-04-14	2	Vestibulum ac est lacinia nisi venenatis tristique.	$437.66	ski	73	20
253	http://dummyimage.com/218x222.png/cc0000/ffffff	2017-09-15	7	Nulla ac enim.	$506.42	ski	70	25
254	http://dummyimage.com/101x115.jpg/cc0000/ffffff	2018-06-08	5	Morbi vestibulum, velit id pretium iaculis, diam erat fermentum justo, nec condimentum neque sapien placerat ante. Nulla justo. Aliquam quis turpis eget elit sodales scelerisque.	$790.39	ski	13	5
255	http://dummyimage.com/132x239.jpg/cc0000/ffffff	2018-06-01	8	Maecenas pulvinar lobortis est.	$290.30	ski	56	12
256	http://dummyimage.com/153x156.bmp/ff4444/ffffff	2018-01-15	6	Vivamus in felis eu sapien cursus vestibulum. Proin eu mi. Nulla ac enim.	$665.56	ski	84	13
257	http://dummyimage.com/221x170.png/cc0000/ffffff	2017-07-21	2	In hac habitasse platea dictumst. Maecenas ut massa quis augue luctus tincidunt. Nulla mollis molestie lorem.	$630.77	ski	29	2
258	http://dummyimage.com/164x119.bmp/5fa2dd/ffffff	2018-03-09	4	Donec quis orci eget orci vehicula condimentum. Curabitur in libero ut massa volutpat convallis. Morbi odio odio, elementum eu, interdum eu, tincidunt in, leo.	$594.39	ski	60	17
259	http://dummyimage.com/247x116.jpg/ff4444/ffffff	2018-03-30	1	Fusce lacus purus, aliquet at, feugiat non, pretium quis, lectus.	$818.81	ski	22	12
260	http://dummyimage.com/215x162.bmp/dddddd/000000	2017-09-14	5	Cum sociis natoque penatibus et magnis dis parturient montes, nascetur ridiculus mus.	$850.54	ski	24	11
261	http://dummyimage.com/111x180.png/ff4444/ffffff	2018-01-08	2	Morbi non quam nec dui luctus rutrum. Nulla tellus. In sagittis dui vel nisl.	$3.76	ski	43	21
262	http://dummyimage.com/111x220.png/dddddd/000000	2018-01-21	5	Lorem ipsum dolor sit amet, consectetuer adipiscing elit. Proin interdum mauris non ligula pellentesque ultrices.	$860.37	ski	84	2
263	http://dummyimage.com/180x241.png/ff4444/ffffff	2017-12-21	4	Vestibulum ante ipsum primis in faucibus orci luctus et ultrices posuere cubilia Curae; Mauris viverra diam vitae quam. Suspendisse potenti.	$73.04	ski	6	15
264	http://dummyimage.com/226x243.bmp/ff4444/ffffff	2017-08-20	10	Proin at turpis a pede posuere nonummy. Integer non velit.	$211.68	ski	84	21
265	http://dummyimage.com/171x133.jpg/ff4444/ffffff	2017-08-31	6	In congue.	$941.39	ski	11	25
266	http://dummyimage.com/180x208.bmp/cc0000/ffffff	2018-01-27	8	Integer pede justo, lacinia eget, tincidunt eget, tempus vel, pede. Morbi porttitor lorem id ligula. Suspendisse ornare consequat lectus.	$167.01	ski	40	2
267	http://dummyimage.com/113x143.bmp/cc0000/ffffff	2017-07-06	2	Quisque ut erat. Curabitur gravida nisi at nibh. In hac habitasse platea dictumst.	$425.67	ski	83	9
268	http://dummyimage.com/231x121.bmp/cc0000/ffffff	2018-02-07	9	Duis at velit eu est congue elementum.	$193.84	ski	54	19
269	http://dummyimage.com/164x158.jpg/cc0000/ffffff	2017-07-06	7	Donec quis orci eget orci vehicula condimentum.	$424.76	ski	73	2
270	http://dummyimage.com/193x139.jpg/dddddd/000000	2017-12-03	4	Vestibulum rutrum rutrum neque. Aenean auctor gravida sem. Praesent id massa id nisl venenatis lacinia.	$149.09	ski	85	1
271	http://dummyimage.com/173x201.bmp/ff4444/ffffff	2017-12-30	9	Vestibulum rutrum rutrum neque. Aenean auctor gravida sem.	$650.82	ski	1	15
272	http://dummyimage.com/136x206.png/cc0000/ffffff	2017-07-07	10	Proin leo odio, porttitor id, consequat in, consequat ut, nulla. Sed accumsan felis. Ut at dolor quis odio consequat varius.	$492.89	ski	93	16
273	http://dummyimage.com/127x215.bmp/ff4444/ffffff	2018-05-29	10	Quisque porta volutpat erat. Quisque erat eros, viverra eget, congue eget, semper rutrum, nulla. Nunc purus.	$659.22	ski	99	16
274	http://dummyimage.com/232x216.bmp/5fa2dd/ffffff	2017-08-07	6	Proin at turpis a pede posuere nonummy.	$766.12	ski	15	2
275	http://dummyimage.com/167x190.png/ff4444/ffffff	2018-02-23	3	Pellentesque viverra pede ac diam. Cras pellentesque volutpat dui.	$332.62	ski	81	4
276	http://dummyimage.com/101x135.jpg/cc0000/ffffff	2017-06-27	2	Integer a nibh.	$76.51	ski	63	14
277	http://dummyimage.com/109x186.jpg/dddddd/000000	2017-05-25	6	Vestibulum ante ipsum primis in faucibus orci luctus et ultrices posuere cubilia Curae; Nulla dapibus dolor vel est.	$583.94	ski	17	11
278	http://dummyimage.com/238x235.bmp/5fa2dd/ffffff	2017-06-10	5	Suspendisse ornare consequat lectus. In est risus, auctor sed, tristique in, tempus sit amet, sem.	$737.15	ski	75	11
279	http://dummyimage.com/163x149.bmp/cc0000/ffffff	2017-10-26	7	Nulla ac enim. In tempor, turpis nec euismod scelerisque, quam turpis adipiscing lorem, vitae mattis nibh ligula nec sem. Duis aliquam convallis nunc.	$596.56	ski	89	20
280	http://dummyimage.com/198x154.jpg/ff4444/ffffff	2017-12-16	7	Mauris lacinia sapien quis libero. Nullam sit amet turpis elementum ligula vehicula consequat. Morbi a ipsum.	$419.29	ski	63	5
281	http://dummyimage.com/227x169.png/5fa2dd/ffffff	2017-09-14	1	Vivamus in felis eu sapien cursus vestibulum. Proin eu mi.	$226.21	ski	72	9
282	http://dummyimage.com/248x222.jpg/cc0000/ffffff	2018-01-21	6	Donec ut dolor.	$988.12	ski	88	25
283	http://dummyimage.com/181x235.png/5fa2dd/ffffff	2018-04-29	1	Proin eu mi.	$940.22	ski	76	9
284	http://dummyimage.com/192x100.jpg/dddddd/000000	2017-10-04	3	Donec odio justo, sollicitudin ut, suscipit a, feugiat et, eros.	$939.85	ski	76	13
285	http://dummyimage.com/109x105.png/ff4444/ffffff	2017-07-18	3	In eleifend quam a odio.	$244.30	ski	50	5
286	http://dummyimage.com/141x197.bmp/cc0000/ffffff	2018-01-03	6	Duis mattis egestas metus.	$859.69	ski	20	1
287	http://dummyimage.com/230x192.bmp/cc0000/ffffff	2017-09-30	3	Integer ac leo.	$901.71	ski	54	11
288	http://dummyimage.com/171x229.bmp/ff4444/ffffff	2017-11-04	6	In congue. Etiam justo.	$679.76	ski	48	11
289	http://dummyimage.com/228x194.png/cc0000/ffffff	2017-12-08	1	Donec dapibus. Duis at velit eu est congue elementum.	$853.92	ski	90	22
290	http://dummyimage.com/194x204.jpg/5fa2dd/ffffff	2017-10-01	6	Aliquam augue quam, sollicitudin vitae, consectetuer eget, rutrum at, lorem. Integer tincidunt ante vel ipsum.	$466.68	ski	49	21
291	http://dummyimage.com/223x236.png/ff4444/ffffff	2017-12-01	3	Cras non velit nec nisi vulputate nonummy. Maecenas tincidunt lacus at velit.	$215.10	ski	48	22
292	http://dummyimage.com/148x248.bmp/dddddd/000000	2017-11-11	3	Nulla ut erat id mauris vulputate elementum.	$208.89	ski	98	22
293	http://dummyimage.com/222x241.bmp/cc0000/ffffff	2017-07-10	7	Nam dui. Proin leo odio, porttitor id, consequat in, consequat ut, nulla.	$728.07	ski	72	1
294	http://dummyimage.com/137x218.bmp/dddddd/000000	2017-07-31	7	Quisque porta volutpat erat. Quisque erat eros, viverra eget, congue eget, semper rutrum, nulla.	$920.83	ski	66	14
295	http://dummyimage.com/141x226.bmp/ff4444/ffffff	2017-07-28	6	Nullam orci pede, venenatis non, sodales sed, tincidunt eu, felis. Fusce posuere felis sed lacus. Morbi sem mauris, laoreet ut, rhoncus aliquet, pulvinar sed, nisl.	$924.35	ski	62	23
296	http://dummyimage.com/199x127.bmp/cc0000/ffffff	2018-05-04	6	Nulla tellus. In sagittis dui vel nisl.	$559.58	ski	33	16
297	http://dummyimage.com/249x205.bmp/ff4444/ffffff	2017-10-05	7	Morbi ut odio.	$71.65	ski	46	17
298	http://dummyimage.com/185x111.png/5fa2dd/ffffff	2018-05-22	1	Ut tellus. Nulla ut erat id mauris vulputate elementum. Nullam varius.	$900.82	ski	38	22
299	http://dummyimage.com/162x231.png/ff4444/ffffff	2018-03-03	6	Donec dapibus. Duis at velit eu est congue elementum.	$525.34	ski	7	17
300	http://dummyimage.com/106x224.png/5fa2dd/ffffff	2018-04-04	7	Vestibulum sed magna at nunc commodo placerat. Praesent blandit. Nam nulla.	$263.73	ski	81	7
301	http://dummyimage.com/152x227.jpg/ff4444/ffffff	2017-08-25	4	Mauris enim leo, rhoncus sed, vestibulum sit amet, cursus id, turpis. Integer aliquet, massa id lobortis convallis, tortor risus dapibus augue, vel accumsan tellus nisi eu orci.	$398.55	ski	50	1
302	http://dummyimage.com/122x100.png/5fa2dd/ffffff	2017-09-04	10	Maecenas tristique, est et tempus semper, est quam pharetra magna, ac consequat metus sapien ut nunc. Vestibulum ante ipsum primis in faucibus orci luctus et ultrices posuere cubilia Curae; Mauris viverra diam vitae quam.	$855.59	ski	28	12
303	http://dummyimage.com/163x111.png/5fa2dd/ffffff	2017-09-21	5	Nunc purus. Phasellus in felis.	$236.24	ski	12	14
304	http://dummyimage.com/175x180.jpg/ff4444/ffffff	2017-05-14	2	Vestibulum ante ipsum primis in faucibus orci luctus et ultrices posuere cubilia Curae; Duis faucibus accumsan odio. Curabitur convallis. Duis consequat dui nec nisi volutpat eleifend.	$876.95	ski	53	10
305	http://dummyimage.com/220x219.jpg/ff4444/ffffff	2017-07-20	6	Pellentesque viverra pede ac diam. Cras pellentesque volutpat dui. Maecenas tristique, est et tempus semper, est quam pharetra magna, ac consequat metus sapien ut nunc.	$849.96	ski	66	8
306	http://dummyimage.com/155x240.jpg/dddddd/000000	2017-05-12	9	Lorem ipsum dolor sit amet, consectetuer adipiscing elit.	$919.64	ski	49	16
307	http://dummyimage.com/186x113.png/ff4444/ffffff	2017-05-21	6	Phasellus id sapien in sapien iaculis congue. Vivamus metus arcu, adipiscing molestie, hendrerit at, vulputate vitae, nisl. Aenean lectus.	$328.17	ski	98	7
308	http://dummyimage.com/111x196.bmp/dddddd/000000	2017-07-21	2	Integer ac neque. Duis bibendum. Morbi non quam nec dui luctus rutrum.	$555.74	ecotourism	78	9
309	http://dummyimage.com/248x180.bmp/ff4444/ffffff	2018-06-18	9	Duis bibendum. Morbi non quam nec dui luctus rutrum. Nulla tellus.	$176.32	ecotourism	27	19
310	http://dummyimage.com/133x244.png/ff4444/ffffff	2018-04-23	4	Proin interdum mauris non ligula pellentesque ultrices.	$275.69	ecotourism	64	24
311	http://dummyimage.com/126x136.jpg/ff4444/ffffff	2018-05-05	5	In hac habitasse platea dictumst. Morbi vestibulum, velit id pretium iaculis, diam erat fermentum justo, nec condimentum neque sapien placerat ante.	$505.11	ecotourism	10	10
312	http://dummyimage.com/160x165.jpg/5fa2dd/ffffff	2017-10-09	8	Duis at velit eu est congue elementum. In hac habitasse platea dictumst.	$384.16	ecotourism	23	22
390	http://dummyimage.com/202x164.png/ff4444/ffffff	2017-10-20	3	Morbi quis tortor id nulla ultrices aliquet.	$981.53	ecotourism	44	10
313	http://dummyimage.com/227x193.bmp/dddddd/000000	2017-10-06	6	Suspendisse potenti. Nullam porttitor lacus at turpis. Donec posuere metus vitae ipsum.	$762.54	ecotourism	66	8
314	http://dummyimage.com/236x156.jpg/dddddd/000000	2017-11-29	7	Maecenas tincidunt lacus at velit. Vivamus vel nulla eget eros elementum pellentesque. Quisque porta volutpat erat.	$864.47	ecotourism	31	1
315	http://dummyimage.com/123x113.png/cc0000/ffffff	2017-09-05	2	Nulla suscipit ligula in lacus.	$273.58	ecotourism	54	17
316	http://dummyimage.com/163x174.bmp/cc0000/ffffff	2018-05-06	7	Proin leo odio, porttitor id, consequat in, consequat ut, nulla.	$454.09	ecotourism	13	7
317	http://dummyimage.com/189x144.bmp/5fa2dd/ffffff	2017-06-02	3	Phasellus id sapien in sapien iaculis congue. Vivamus metus arcu, adipiscing molestie, hendrerit at, vulputate vitae, nisl.	$387.92	ecotourism	30	4
318	http://dummyimage.com/234x207.jpg/cc0000/ffffff	2017-10-02	1	Vestibulum ante ipsum primis in faucibus orci luctus et ultrices posuere cubilia Curae; Mauris viverra diam vitae quam.	$649.05	ecotourism	61	20
319	http://dummyimage.com/225x117.jpg/dddddd/000000	2018-05-07	6	Quisque id justo sit amet sapien dignissim vestibulum. Vestibulum ante ipsum primis in faucibus orci luctus et ultrices posuere cubilia Curae; Nulla dapibus dolor vel est.	$103.85	ecotourism	39	5
320	http://dummyimage.com/186x171.bmp/ff4444/ffffff	2018-06-24	7	Integer pede justo, lacinia eget, tincidunt eget, tempus vel, pede. Morbi porttitor lorem id ligula.	$387.25	ecotourism	60	14
321	http://dummyimage.com/112x113.bmp/5fa2dd/ffffff	2018-04-12	3	Etiam pretium iaculis justo. In hac habitasse platea dictumst.	$663.45	ecotourism	98	1
322	http://dummyimage.com/250x137.jpg/5fa2dd/ffffff	2018-04-01	5	Etiam justo. Etiam pretium iaculis justo. In hac habitasse platea dictumst.	$925.02	ecotourism	31	14
323	http://dummyimage.com/132x165.jpg/dddddd/000000	2017-08-28	1	Donec semper sapien a libero.	$566.38	ecotourism	73	7
324	http://dummyimage.com/247x216.png/5fa2dd/ffffff	2018-04-02	3	Duis bibendum.	$913.17	ecotourism	51	19
325	http://dummyimage.com/147x249.jpg/5fa2dd/ffffff	2017-11-22	6	Nullam sit amet turpis elementum ligula vehicula consequat.	$525.88	ecotourism	37	19
326	http://dummyimage.com/162x230.png/dddddd/000000	2017-11-17	5	Nunc nisl. Duis bibendum, felis sed interdum venenatis, turpis enim blandit mi, in porttitor pede justo eu massa.	$346.67	ecotourism	30	8
327	http://dummyimage.com/229x133.png/5fa2dd/ffffff	2017-12-28	5	Vestibulum ante ipsum primis in faucibus orci luctus et ultrices posuere cubilia Curae; Donec pharetra, magna vestibulum aliquet ultrices, erat tortor sollicitudin mi, sit amet lobortis sapien sapien non mi. Integer ac neque.	$413.67	ecotourism	59	24
328	http://dummyimage.com/174x134.bmp/ff4444/ffffff	2018-04-20	1	Morbi sem mauris, laoreet ut, rhoncus aliquet, pulvinar sed, nisl.	$833.68	ecotourism	68	6
329	http://dummyimage.com/244x145.bmp/ff4444/ffffff	2018-02-13	5	Proin at turpis a pede posuere nonummy. Integer non velit. Donec diam neque, vestibulum eget, vulputate ut, ultrices vel, augue.	$609.11	ecotourism	55	9
330	http://dummyimage.com/148x238.png/ff4444/ffffff	2017-12-09	2	Proin at turpis a pede posuere nonummy.	$124.72	ecotourism	26	22
331	http://dummyimage.com/162x248.bmp/dddddd/000000	2018-01-10	8	In hac habitasse platea dictumst. Maecenas ut massa quis augue luctus tincidunt. Nulla mollis molestie lorem.	$719.36	ecotourism	46	9
332	http://dummyimage.com/128x183.png/5fa2dd/ffffff	2017-09-10	10	Donec posuere metus vitae ipsum. Aliquam non mauris.	$185.27	ecotourism	84	19
333	http://dummyimage.com/144x153.jpg/cc0000/ffffff	2017-12-26	2	Quisque arcu libero, rutrum ac, lobortis vel, dapibus at, diam.	$55.21	ecotourism	32	2
334	http://dummyimage.com/131x132.jpg/cc0000/ffffff	2017-12-18	3	Duis bibendum. Morbi non quam nec dui luctus rutrum.	$620.05	ecotourism	66	24
335	http://dummyimage.com/246x128.png/5fa2dd/ffffff	2018-02-21	2	Curabitur in libero ut massa volutpat convallis.	$454.90	ecotourism	86	15
336	http://dummyimage.com/128x153.png/ff4444/ffffff	2017-05-17	1	Morbi odio odio, elementum eu, interdum eu, tincidunt in, leo. Maecenas pulvinar lobortis est. Phasellus sit amet erat.	$174.14	ecotourism	51	13
337	http://dummyimage.com/115x134.jpg/5fa2dd/ffffff	2017-08-07	10	Donec odio justo, sollicitudin ut, suscipit a, feugiat et, eros. Vestibulum ac est lacinia nisi venenatis tristique. Fusce congue, diam id ornare imperdiet, sapien urna pretium nisl, ut volutpat sapien arcu sed augue.	$493.66	ecotourism	49	11
338	http://dummyimage.com/171x137.jpg/cc0000/ffffff	2018-01-15	3	Integer aliquet, massa id lobortis convallis, tortor risus dapibus augue, vel accumsan tellus nisi eu orci.	$985.49	ecotourism	20	6
339	http://dummyimage.com/193x171.png/dddddd/000000	2017-09-18	9	Proin eu mi. Nulla ac enim.	$746.51	ecotourism	7	5
340	http://dummyimage.com/217x234.png/ff4444/ffffff	2018-04-27	9	Maecenas leo odio, condimentum id, luctus nec, molestie sed, justo. Pellentesque viverra pede ac diam.	$495.61	ecotourism	52	14
341	http://dummyimage.com/131x117.png/5fa2dd/ffffff	2018-05-15	7	Morbi vel lectus in quam fringilla rhoncus. Mauris enim leo, rhoncus sed, vestibulum sit amet, cursus id, turpis. Integer aliquet, massa id lobortis convallis, tortor risus dapibus augue, vel accumsan tellus nisi eu orci.	$341.81	ecotourism	94	23
342	http://dummyimage.com/117x121.png/dddddd/000000	2018-02-07	9	Nulla justo. Aliquam quis turpis eget elit sodales scelerisque.	$271.95	ecotourism	25	16
343	http://dummyimage.com/233x120.png/5fa2dd/ffffff	2017-08-29	9	Suspendisse potenti. Cras in purus eu magna vulputate luctus.	$149.47	ecotourism	95	22
344	http://dummyimage.com/183x142.png/cc0000/ffffff	2017-06-25	4	In est risus, auctor sed, tristique in, tempus sit amet, sem. Fusce consequat.	$736.67	ecotourism	12	11
345	http://dummyimage.com/226x193.bmp/5fa2dd/ffffff	2018-05-05	3	Vivamus in felis eu sapien cursus vestibulum. Proin eu mi. Nulla ac enim.	$509.60	ecotourism	3	20
346	http://dummyimage.com/151x176.png/dddddd/000000	2018-06-09	4	Pellentesque viverra pede ac diam. Cras pellentesque volutpat dui. Maecenas tristique, est et tempus semper, est quam pharetra magna, ac consequat metus sapien ut nunc.	$894.37	ecotourism	18	14
347	http://dummyimage.com/182x241.bmp/5fa2dd/ffffff	2017-09-21	10	In congue.	$151.53	ecotourism	77	16
348	http://dummyimage.com/172x133.bmp/5fa2dd/ffffff	2018-06-18	6	Vivamus metus arcu, adipiscing molestie, hendrerit at, vulputate vitae, nisl.	$680.30	ecotourism	23	22
349	http://dummyimage.com/242x219.jpg/dddddd/000000	2017-09-01	3	Integer a nibh.	$608.00	ecotourism	87	19
391	http://dummyimage.com/125x164.jpg/dddddd/000000	2017-05-16	10	Nulla mollis molestie lorem. Quisque ut erat. Curabitur gravida nisi at nibh.	$650.71	ecotourism	11	24
350	http://dummyimage.com/243x211.png/dddddd/000000	2017-12-14	2	Vestibulum quam sapien, varius ut, blandit non, interdum in, ante. Vestibulum ante ipsum primis in faucibus orci luctus et ultrices posuere cubilia Curae; Duis faucibus accumsan odio.	$513.48	ecotourism	44	2
351	http://dummyimage.com/115x249.jpg/5fa2dd/ffffff	2018-03-29	3	Etiam justo.	$317.00	ecotourism	78	19
352	http://dummyimage.com/188x203.bmp/5fa2dd/ffffff	2018-04-22	6	Maecenas leo odio, condimentum id, luctus nec, molestie sed, justo. Pellentesque viverra pede ac diam.	$314.37	ecotourism	94	11
353	http://dummyimage.com/103x232.bmp/ff4444/ffffff	2017-06-16	7	Morbi non lectus. Aliquam sit amet diam in magna bibendum imperdiet.	$641.29	ecotourism	7	17
354	http://dummyimage.com/231x122.png/ff4444/ffffff	2017-06-20	9	Praesent lectus.	$216.40	ecotourism	75	7
355	http://dummyimage.com/215x105.bmp/ff4444/ffffff	2017-12-03	3	In blandit ultrices enim. Lorem ipsum dolor sit amet, consectetuer adipiscing elit.	$20.67	ecotourism	59	9
356	http://dummyimage.com/150x236.png/ff4444/ffffff	2018-01-13	1	Aenean auctor gravida sem.	$177.57	ecotourism	85	12
357	http://dummyimage.com/158x143.bmp/ff4444/ffffff	2017-08-14	3	Sed ante. Vivamus tortor.	$75.21	ecotourism	23	12
358	http://dummyimage.com/163x196.png/dddddd/000000	2017-10-07	4	Vestibulum rutrum rutrum neque.	$399.91	ecotourism	26	12
359	http://dummyimage.com/209x168.png/cc0000/ffffff	2018-05-14	7	Donec ut dolor. Morbi vel lectus in quam fringilla rhoncus.	$236.71	ecotourism	6	24
360	http://dummyimage.com/234x221.png/cc0000/ffffff	2017-12-31	5	Duis aliquam convallis nunc.	$410.93	ecotourism	30	16
361	http://dummyimage.com/205x219.png/cc0000/ffffff	2017-07-01	4	Cras mi pede, malesuada in, imperdiet et, commodo vulputate, justo. In blandit ultrices enim.	$956.26	ecotourism	98	21
362	http://dummyimage.com/104x225.jpg/ff4444/ffffff	2018-06-22	5	Nullam sit amet turpis elementum ligula vehicula consequat. Morbi a ipsum. Integer a nibh.	$252.69	ecotourism	72	18
363	http://dummyimage.com/196x235.png/ff4444/ffffff	2018-03-15	2	Phasellus in felis.	$861.75	ecotourism	5	8
364	http://dummyimage.com/181x235.jpg/cc0000/ffffff	2017-11-16	6	Maecenas leo odio, condimentum id, luctus nec, molestie sed, justo. Pellentesque viverra pede ac diam. Cras pellentesque volutpat dui.	$586.43	ecotourism	45	14
365	http://dummyimage.com/225x166.png/ff4444/ffffff	2017-10-12	5	Integer aliquet, massa id lobortis convallis, tortor risus dapibus augue, vel accumsan tellus nisi eu orci. Mauris lacinia sapien quis libero. Nullam sit amet turpis elementum ligula vehicula consequat.	$131.29	ecotourism	6	4
366	http://dummyimage.com/234x119.jpg/cc0000/ffffff	2018-02-17	6	Fusce consequat. Nulla nisl. Nunc nisl.	$575.27	ecotourism	10	22
367	http://dummyimage.com/113x147.bmp/cc0000/ffffff	2018-01-18	10	Duis mattis egestas metus. Aenean fermentum. Donec ut mauris eget massa tempor convallis.	$928.11	ecotourism	84	1
368	http://dummyimage.com/208x207.jpg/ff4444/ffffff	2018-04-16	2	Mauris lacinia sapien quis libero.	$59.16	ecotourism	16	22
369	http://dummyimage.com/216x161.bmp/cc0000/ffffff	2018-02-04	2	Donec ut mauris eget massa tempor convallis.	$148.59	ecotourism	68	15
370	http://dummyimage.com/238x190.png/ff4444/ffffff	2018-02-03	7	Ut at dolor quis odio consequat varius. Integer ac leo.	$187.69	ecotourism	7	16
371	http://dummyimage.com/152x212.jpg/ff4444/ffffff	2017-06-03	1	Vestibulum ante ipsum primis in faucibus orci luctus et ultrices posuere cubilia Curae; Donec pharetra, magna vestibulum aliquet ultrices, erat tortor sollicitudin mi, sit amet lobortis sapien sapien non mi. Integer ac neque. Duis bibendum.	$56.90	ecotourism	49	19
372	http://dummyimage.com/246x188.jpg/cc0000/ffffff	2017-12-31	9	Maecenas rhoncus aliquam lacus. Morbi quis tortor id nulla ultrices aliquet. Maecenas leo odio, condimentum id, luctus nec, molestie sed, justo.	$262.98	ecotourism	91	14
373	http://dummyimage.com/146x213.jpg/5fa2dd/ffffff	2017-07-28	1	Morbi non lectus. Aliquam sit amet diam in magna bibendum imperdiet.	$378.16	ecotourism	96	7
374	http://dummyimage.com/186x245.bmp/ff4444/ffffff	2018-05-28	4	Donec semper sapien a libero. Nam dui. Proin leo odio, porttitor id, consequat in, consequat ut, nulla.	$167.28	ecotourism	69	1
375	http://dummyimage.com/232x173.png/dddddd/000000	2018-05-18	8	Praesent blandit lacinia erat.	$958.17	ecotourism	65	13
376	http://dummyimage.com/221x172.bmp/cc0000/ffffff	2018-06-29	3	In blandit ultrices enim. Lorem ipsum dolor sit amet, consectetuer adipiscing elit.	$863.45	ecotourism	89	25
377	http://dummyimage.com/247x165.png/ff4444/ffffff	2017-11-30	9	Vivamus tortor.	$833.94	ecotourism	50	9
378	http://dummyimage.com/212x150.jpg/5fa2dd/ffffff	2018-05-22	9	Donec dapibus. Duis at velit eu est congue elementum. In hac habitasse platea dictumst.	$262.55	ecotourism	89	25
379	http://dummyimage.com/197x108.png/5fa2dd/ffffff	2017-07-23	3	Proin eu mi.	$41.01	ecotourism	37	18
380	http://dummyimage.com/208x240.jpg/dddddd/000000	2018-02-15	8	Aliquam sit amet diam in magna bibendum imperdiet.	$558.28	ecotourism	35	12
381	http://dummyimage.com/113x241.png/dddddd/000000	2018-06-08	1	Vivamus tortor.	$696.24	ecotourism	10	5
382	http://dummyimage.com/101x212.bmp/cc0000/ffffff	2017-09-29	4	Nam congue, risus semper porta volutpat, quam pede lobortis ligula, sit amet eleifend pede libero quis orci.	$254.99	ecotourism	37	22
383	http://dummyimage.com/178x139.jpg/ff4444/ffffff	2017-12-06	8	Nulla nisl. Nunc nisl. Duis bibendum, felis sed interdum venenatis, turpis enim blandit mi, in porttitor pede justo eu massa.	$452.40	ecotourism	60	20
384	http://dummyimage.com/126x226.bmp/ff4444/ffffff	2018-03-16	3	Aliquam quis turpis eget elit sodales scelerisque.	$316.27	ecotourism	86	7
385	http://dummyimage.com/163x142.jpg/5fa2dd/ffffff	2017-07-09	9	Mauris ullamcorper purus sit amet nulla. Quisque arcu libero, rutrum ac, lobortis vel, dapibus at, diam.	$362.23	ecotourism	73	18
386	http://dummyimage.com/164x199.bmp/cc0000/ffffff	2017-05-19	1	In quis justo. Maecenas rhoncus aliquam lacus. Morbi quis tortor id nulla ultrices aliquet.	$754.70	ecotourism	47	21
387	http://dummyimage.com/184x134.bmp/dddddd/000000	2017-10-31	1	Maecenas tristique, est et tempus semper, est quam pharetra magna, ac consequat metus sapien ut nunc. Vestibulum ante ipsum primis in faucibus orci luctus et ultrices posuere cubilia Curae; Mauris viverra diam vitae quam.	$229.62	ecotourism	31	14
388	http://dummyimage.com/174x216.png/5fa2dd/ffffff	2018-05-31	1	Duis bibendum. Morbi non quam nec dui luctus rutrum.	$163.11	ecotourism	52	11
389	http://dummyimage.com/238x188.bmp/5fa2dd/ffffff	2018-05-31	10	Nullam varius.	$705.29	ecotourism	39	17
392	http://dummyimage.com/106x247.jpg/dddddd/000000	2018-05-10	10	Integer a nibh. In quis justo.	$574.84	ecotourism	92	23
393	http://dummyimage.com/219x218.png/dddddd/000000	2017-08-08	3	Duis mattis egestas metus. Aenean fermentum. Donec ut mauris eget massa tempor convallis.	$35.94	ecotourism	49	3
394	http://dummyimage.com/115x124.png/ff4444/ffffff	2017-08-20	7	Maecenas tristique, est et tempus semper, est quam pharetra magna, ac consequat metus sapien ut nunc. Vestibulum ante ipsum primis in faucibus orci luctus et ultrices posuere cubilia Curae; Mauris viverra diam vitae quam.	$325.58	ecotourism	68	23
395	http://dummyimage.com/132x184.jpg/ff4444/ffffff	2018-05-28	4	Morbi odio odio, elementum eu, interdum eu, tincidunt in, leo. Maecenas pulvinar lobortis est.	$873.61	ecotourism	88	15
396	http://dummyimage.com/101x131.jpg/cc0000/ffffff	2017-12-27	8	In blandit ultrices enim. Lorem ipsum dolor sit amet, consectetuer adipiscing elit.	$807.04	ecotourism	4	13
397	http://dummyimage.com/157x142.jpg/5fa2dd/ffffff	2017-05-27	9	Vivamus vestibulum sagittis sapien.	$657.87	ecotourism	77	3
398	http://dummyimage.com/177x230.bmp/ff4444/ffffff	2017-12-03	10	Donec odio justo, sollicitudin ut, suscipit a, feugiat et, eros.	$516.92	ecotourism	47	3
399	http://dummyimage.com/148x149.png/cc0000/ffffff	2018-03-26	5	Nulla neque libero, convallis eget, eleifend luctus, ultricies eu, nibh. Quisque id justo sit amet sapien dignissim vestibulum.	$556.67	ecotourism	50	16
400	http://dummyimage.com/190x243.bmp/ff4444/ffffff	2018-07-02	8	Morbi quis tortor id nulla ultrices aliquet.	$672.07	ecotourism	64	2
401	http://dummyimage.com/224x109.jpg/ff4444/ffffff	2017-12-06	10	Nunc nisl. Duis bibendum, felis sed interdum venenatis, turpis enim blandit mi, in porttitor pede justo eu massa.	$989.45	ecotourism	71	18
402	http://dummyimage.com/117x223.jpg/dddddd/000000	2017-11-01	8	Vestibulum ante ipsum primis in faucibus orci luctus et ultrices posuere cubilia Curae; Duis faucibus accumsan odio.	$130.33	ecotourism	39	22
403	http://dummyimage.com/148x182.png/dddddd/000000	2018-06-06	9	Duis at velit eu est congue elementum. In hac habitasse platea dictumst. Morbi vestibulum, velit id pretium iaculis, diam erat fermentum justo, nec condimentum neque sapien placerat ante.	$91.59	ecotourism	80	2
404	http://dummyimage.com/237x187.png/5fa2dd/ffffff	2017-10-08	9	Suspendisse potenti.	$410.12	ecotourism	65	3
405	http://dummyimage.com/237x235.png/5fa2dd/ffffff	2017-11-19	7	Mauris lacinia sapien quis libero. Nullam sit amet turpis elementum ligula vehicula consequat. Morbi a ipsum.	$564.91	ecotourism	84	6
406	http://dummyimage.com/153x148.jpg/ff4444/ffffff	2018-05-14	4	Morbi vel lectus in quam fringilla rhoncus. Mauris enim leo, rhoncus sed, vestibulum sit amet, cursus id, turpis.	$822.02	ecotourism	32	20
407	http://dummyimage.com/224x163.png/5fa2dd/ffffff	2017-08-16	6	Nullam varius. Nulla facilisi. Cras non velit nec nisi vulputate nonummy.	$387.06	ecotourism	24	21
408	http://dummyimage.com/163x120.jpg/5fa2dd/ffffff	2017-12-26	9	Nulla neque libero, convallis eget, eleifend luctus, ultricies eu, nibh.	$342.21	health	89	3
409	http://dummyimage.com/229x207.png/cc0000/ffffff	2018-06-02	9	Integer ac leo. Pellentesque ultrices mattis odio.	$273.60	health	62	7
410	http://dummyimage.com/199x206.jpg/cc0000/ffffff	2018-01-20	10	Nullam varius.	$999.44	health	52	11
411	http://dummyimage.com/115x174.jpg/ff4444/ffffff	2017-12-06	1	Duis bibendum.	$316.79	health	41	8
412	http://dummyimage.com/126x115.jpg/ff4444/ffffff	2017-10-14	6	Nulla ut erat id mauris vulputate elementum. Nullam varius.	$320.32	health	48	19
413	http://dummyimage.com/135x233.png/cc0000/ffffff	2017-10-02	6	Quisque ut erat. Curabitur gravida nisi at nibh. In hac habitasse platea dictumst.	$683.21	health	67	9
414	http://dummyimage.com/120x129.jpg/5fa2dd/ffffff	2017-08-17	9	Donec ut mauris eget massa tempor convallis. Nulla neque libero, convallis eget, eleifend luctus, ultricies eu, nibh. Quisque id justo sit amet sapien dignissim vestibulum.	$890.53	health	39	2
415	http://dummyimage.com/111x198.bmp/5fa2dd/ffffff	2017-09-12	6	Cum sociis natoque penatibus et magnis dis parturient montes, nascetur ridiculus mus.	$944.75	health	54	15
416	http://dummyimage.com/233x199.png/5fa2dd/ffffff	2017-11-15	3	Duis consequat dui nec nisi volutpat eleifend. Donec ut dolor.	$601.70	health	33	15
417	http://dummyimage.com/157x186.bmp/cc0000/ffffff	2017-06-13	5	Duis mattis egestas metus.	$77.95	health	1	10
418	http://dummyimage.com/201x188.bmp/ff4444/ffffff	2017-10-09	7	Integer a nibh. In quis justo. Maecenas rhoncus aliquam lacus.	$343.54	health	79	20
419	http://dummyimage.com/132x119.jpg/ff4444/ffffff	2018-01-10	10	Quisque id justo sit amet sapien dignissim vestibulum. Vestibulum ante ipsum primis in faucibus orci luctus et ultrices posuere cubilia Curae; Nulla dapibus dolor vel est.	$265.91	health	72	9
420	http://dummyimage.com/209x164.jpg/cc0000/ffffff	2017-06-14	6	Morbi porttitor lorem id ligula. Suspendisse ornare consequat lectus. In est risus, auctor sed, tristique in, tempus sit amet, sem.	$703.22	health	79	2
421	http://dummyimage.com/127x209.png/cc0000/ffffff	2018-03-10	5	Maecenas tincidunt lacus at velit.	$451.92	health	47	6
422	http://dummyimage.com/250x202.png/5fa2dd/ffffff	2017-06-12	5	Donec posuere metus vitae ipsum. Aliquam non mauris.	$419.61	health	84	9
423	http://dummyimage.com/235x110.bmp/cc0000/ffffff	2017-12-14	7	Praesent blandit lacinia erat. Vestibulum sed magna at nunc commodo placerat.	$368.14	health	86	6
424	http://dummyimage.com/104x165.png/cc0000/ffffff	2017-10-02	6	Aliquam augue quam, sollicitudin vitae, consectetuer eget, rutrum at, lorem. Integer tincidunt ante vel ipsum. Praesent blandit lacinia erat.	$120.74	health	89	14
425	http://dummyimage.com/201x161.jpg/cc0000/ffffff	2018-05-16	2	Nam ultrices, libero non mattis pulvinar, nulla pede ullamcorper augue, a suscipit nulla elit ac nulla. Sed vel enim sit amet nunc viverra dapibus. Nulla suscipit ligula in lacus.	$243.88	health	8	15
426	http://dummyimage.com/150x100.png/dddddd/000000	2017-12-10	4	Cras mi pede, malesuada in, imperdiet et, commodo vulputate, justo. In blandit ultrices enim.	$502.28	health	96	7
427	http://dummyimage.com/113x244.bmp/5fa2dd/ffffff	2017-10-05	9	Aliquam quis turpis eget elit sodales scelerisque. Mauris sit amet eros.	$168.14	health	29	6
428	http://dummyimage.com/205x133.png/5fa2dd/ffffff	2017-12-07	2	Donec ut mauris eget massa tempor convallis.	$368.43	health	56	12
429	http://dummyimage.com/129x219.jpg/5fa2dd/ffffff	2017-12-11	3	Curabitur in libero ut massa volutpat convallis. Morbi odio odio, elementum eu, interdum eu, tincidunt in, leo. Maecenas pulvinar lobortis est.	$95.94	health	20	12
430	http://dummyimage.com/204x183.bmp/5fa2dd/ffffff	2018-04-14	5	Fusce lacus purus, aliquet at, feugiat non, pretium quis, lectus. Suspendisse potenti. In eleifend quam a odio.	$757.65	health	93	8
431	http://dummyimage.com/120x157.jpg/ff4444/ffffff	2018-01-09	2	Vestibulum ac est lacinia nisi venenatis tristique.	$864.76	health	85	14
432	http://dummyimage.com/128x241.jpg/ff4444/ffffff	2018-05-03	5	Phasellus in felis. Donec semper sapien a libero.	$400.96	health	18	7
433	http://dummyimage.com/123x218.png/ff4444/ffffff	2018-01-20	4	Etiam faucibus cursus urna. Ut tellus.	$100.05	health	58	10
434	http://dummyimage.com/119x139.jpg/5fa2dd/ffffff	2018-02-27	8	Suspendisse potenti. In eleifend quam a odio. In hac habitasse platea dictumst.	$455.16	health	76	19
435	http://dummyimage.com/161x201.png/dddddd/000000	2017-11-12	2	Pellentesque ultrices mattis odio. Donec vitae nisi. Nam ultrices, libero non mattis pulvinar, nulla pede ullamcorper augue, a suscipit nulla elit ac nulla.	$44.00	health	27	8
436	http://dummyimage.com/119x136.png/dddddd/000000	2017-11-18	6	Nulla justo. Aliquam quis turpis eget elit sodales scelerisque.	$633.37	health	49	9
437	http://dummyimage.com/118x215.jpg/ff4444/ffffff	2017-08-16	1	Vestibulum sed magna at nunc commodo placerat.	$472.43	health	44	7
438	http://dummyimage.com/128x179.png/dddddd/000000	2018-04-27	2	In eleifend quam a odio.	$46.36	health	35	18
439	http://dummyimage.com/215x226.bmp/dddddd/000000	2018-05-28	9	Nullam molestie nibh in lectus. Pellentesque at nulla.	$545.09	health	5	3
440	http://dummyimage.com/209x125.jpg/dddddd/000000	2018-02-26	4	Curabitur gravida nisi at nibh. In hac habitasse platea dictumst. Aliquam augue quam, sollicitudin vitae, consectetuer eget, rutrum at, lorem.	$78.20	health	4	2
441	http://dummyimage.com/223x233.bmp/cc0000/ffffff	2018-02-03	4	Nullam molestie nibh in lectus. Pellentesque at nulla. Suspendisse potenti.	$911.25	health	11	10
442	http://dummyimage.com/109x230.bmp/dddddd/000000	2017-08-06	8	Donec diam neque, vestibulum eget, vulputate ut, ultrices vel, augue. Vestibulum ante ipsum primis in faucibus orci luctus et ultrices posuere cubilia Curae.	$357.79	health	58	21
443	http://dummyimage.com/188x206.png/5fa2dd/ffffff	2018-01-21	10	Cras pellentesque volutpat dui. Maecenas tristique, est et tempus semper, est quam pharetra magna, ac consequat metus sapien ut nunc.	$139.87	health	54	25
444	http://dummyimage.com/127x222.bmp/ff4444/ffffff	2017-12-27	1	Vestibulum ante ipsum primis in faucibus orci luctus et ultrices posuere cubilia Curae; Nulla dapibus dolor vel est. Donec odio justo, sollicitudin ut, suscipit a, feugiat et, eros.	$232.96	health	36	20
445	http://dummyimage.com/250x214.png/ff4444/ffffff	2018-07-01	7	Vestibulum ante ipsum primis in faucibus orci luctus et ultrices posuere cubilia Curae; Duis faucibus accumsan odio. Curabitur convallis. Duis consequat dui nec nisi volutpat eleifend.	$396.33	health	17	16
446	http://dummyimage.com/201x165.bmp/ff4444/ffffff	2018-01-16	9	Nulla tempus. Vivamus in felis eu sapien cursus vestibulum. Proin eu mi.	$219.05	health	84	18
447	http://dummyimage.com/158x227.png/ff4444/ffffff	2017-07-13	3	Morbi quis tortor id nulla ultrices aliquet. Maecenas leo odio, condimentum id, luctus nec, molestie sed, justo. Pellentesque viverra pede ac diam.	$489.64	health	20	17
448	http://dummyimage.com/159x127.jpg/cc0000/ffffff	2017-06-01	6	Suspendisse ornare consequat lectus.	$257.89	health	5	9
449	http://dummyimage.com/218x182.png/dddddd/000000	2017-08-25	10	Morbi porttitor lorem id ligula. Suspendisse ornare consequat lectus.	$356.68	health	93	19
450	http://dummyimage.com/147x150.jpg/5fa2dd/ffffff	2018-02-10	10	Maecenas leo odio, condimentum id, luctus nec, molestie sed, justo. Pellentesque viverra pede ac diam.	$36.46	health	8	17
451	http://dummyimage.com/221x211.bmp/ff4444/ffffff	2017-12-21	7	Pellentesque at nulla. Suspendisse potenti.	$645.19	health	21	14
452	http://dummyimage.com/135x146.bmp/ff4444/ffffff	2018-01-30	9	Morbi sem mauris, laoreet ut, rhoncus aliquet, pulvinar sed, nisl. Nunc rhoncus dui vel sem. Sed sagittis.	$170.34	health	82	1
453	http://dummyimage.com/109x165.jpg/cc0000/ffffff	2017-09-09	5	Integer aliquet, massa id lobortis convallis, tortor risus dapibus augue, vel accumsan tellus nisi eu orci. Mauris lacinia sapien quis libero. Nullam sit amet turpis elementum ligula vehicula consequat.	$877.01	health	83	16
454	http://dummyimage.com/163x196.jpg/cc0000/ffffff	2017-09-15	10	Mauris ullamcorper purus sit amet nulla. Quisque arcu libero, rutrum ac, lobortis vel, dapibus at, diam.	$288.57	health	55	20
455	http://dummyimage.com/203x103.jpg/cc0000/ffffff	2018-04-17	9	Vestibulum ante ipsum primis in faucibus orci luctus et ultrices posuere cubilia Curae; Donec pharetra, magna vestibulum aliquet ultrices, erat tortor sollicitudin mi, sit amet lobortis sapien sapien non mi.	$949.56	health	17	9
456	http://dummyimage.com/246x152.png/ff4444/ffffff	2018-05-06	8	Cras mi pede, malesuada in, imperdiet et, commodo vulputate, justo. In blandit ultrices enim.	$645.49	health	89	5
457	http://dummyimage.com/233x248.png/ff4444/ffffff	2017-08-25	1	Praesent blandit lacinia erat.	$648.11	health	88	10
458	http://dummyimage.com/243x232.png/cc0000/ffffff	2017-11-18	3	Cras mi pede, malesuada in, imperdiet et, commodo vulputate, justo. In blandit ultrices enim.	$544.41	health	71	2
459	http://dummyimage.com/117x194.jpg/cc0000/ffffff	2017-06-12	5	Ut tellus.	$544.95	health	78	23
460	http://dummyimage.com/169x233.jpg/5fa2dd/ffffff	2018-06-17	3	Integer ac leo. Pellentesque ultrices mattis odio.	$894.42	health	59	2
461	http://dummyimage.com/230x116.bmp/dddddd/000000	2017-06-03	9	Suspendisse accumsan tortor quis turpis. Sed ante.	$588.02	health	57	20
462	http://dummyimage.com/194x174.jpg/cc0000/ffffff	2017-09-29	10	Aenean fermentum. Donec ut mauris eget massa tempor convallis. Nulla neque libero, convallis eget, eleifend luctus, ultricies eu, nibh.	$191.48	health	15	19
463	http://dummyimage.com/106x204.jpg/ff4444/ffffff	2018-05-12	3	Duis at velit eu est congue elementum.	$234.89	health	44	2
464	http://dummyimage.com/236x124.jpg/ff4444/ffffff	2017-12-17	3	Duis bibendum. Morbi non quam nec dui luctus rutrum.	$657.54	health	98	14
465	http://dummyimage.com/140x180.png/dddddd/000000	2018-03-02	1	Vestibulum ac est lacinia nisi venenatis tristique. Fusce congue, diam id ornare imperdiet, sapien urna pretium nisl, ut volutpat sapien arcu sed augue.	$517.96	health	33	19
466	http://dummyimage.com/239x102.jpg/5fa2dd/ffffff	2018-02-23	7	Aliquam erat volutpat. In congue. Etiam justo.	$859.20	health	70	17
467	http://dummyimage.com/126x199.png/5fa2dd/ffffff	2018-03-21	3	Maecenas leo odio, condimentum id, luctus nec, molestie sed, justo. Pellentesque viverra pede ac diam. Cras pellentesque volutpat dui.	$215.41	health	22	20
468	http://dummyimage.com/125x147.png/cc0000/ffffff	2017-07-19	6	Lorem ipsum dolor sit amet, consectetuer adipiscing elit. Proin risus.	$302.93	health	29	9
469	http://dummyimage.com/116x177.bmp/5fa2dd/ffffff	2017-12-02	2	Fusce posuere felis sed lacus. Morbi sem mauris, laoreet ut, rhoncus aliquet, pulvinar sed, nisl. Nunc rhoncus dui vel sem.	$486.48	health	47	15
470	http://dummyimage.com/181x219.png/dddddd/000000	2018-06-07	4	In est risus, auctor sed, tristique in, tempus sit amet, sem. Fusce consequat.	$967.80	health	74	3
471	http://dummyimage.com/191x119.png/5fa2dd/ffffff	2017-07-12	1	Vestibulum ante ipsum primis in faucibus orci luctus et ultrices posuere cubilia Curae; Nulla dapibus dolor vel est. Donec odio justo, sollicitudin ut, suscipit a, feugiat et, eros. Vestibulum ac est lacinia nisi venenatis tristique.	$935.47	health	17	19
472	http://dummyimage.com/141x173.jpg/5fa2dd/ffffff	2018-07-03	2	Ut tellus. Nulla ut erat id mauris vulputate elementum.	$957.23	health	18	8
473	http://dummyimage.com/190x192.png/cc0000/ffffff	2018-01-17	5	Curabitur convallis.	$12.92	health	68	6
474	http://dummyimage.com/250x169.png/cc0000/ffffff	2017-11-24	7	Lorem ipsum dolor sit amet, consectetuer adipiscing elit. Proin risus.	$784.12	health	45	9
475	http://dummyimage.com/166x240.jpg/5fa2dd/ffffff	2017-12-04	3	Phasellus id sapien in sapien iaculis congue.	$458.99	health	12	9
476	http://dummyimage.com/241x160.jpg/5fa2dd/ffffff	2017-10-30	7	Morbi ut odio. Cras mi pede, malesuada in, imperdiet et, commodo vulputate, justo. In blandit ultrices enim.	$796.72	health	41	5
477	http://dummyimage.com/230x105.jpg/dddddd/000000	2018-05-29	7	Duis bibendum, felis sed interdum venenatis, turpis enim blandit mi, in porttitor pede justo eu massa. Donec dapibus. Duis at velit eu est congue elementum.	$142.51	health	85	17
478	http://dummyimage.com/149x124.bmp/5fa2dd/ffffff	2017-08-05	1	Proin interdum mauris non ligula pellentesque ultrices. Phasellus id sapien in sapien iaculis congue. Vivamus metus arcu, adipiscing molestie, hendrerit at, vulputate vitae, nisl.	$643.40	health	25	22
479	http://dummyimage.com/220x138.bmp/5fa2dd/ffffff	2018-02-12	8	Vivamus tortor. Duis mattis egestas metus.	$665.50	health	96	9
480	http://dummyimage.com/232x193.jpg/cc0000/ffffff	2017-09-29	6	Nulla mollis molestie lorem. Quisque ut erat.	$133.49	health	52	7
481	http://dummyimage.com/231x125.png/dddddd/000000	2018-02-24	10	Nulla justo.	$550.30	health	58	10
482	http://dummyimage.com/138x228.jpg/ff4444/ffffff	2017-08-09	6	In hac habitasse platea dictumst.	$475.60	health	84	9
483	http://dummyimage.com/212x162.jpg/cc0000/ffffff	2018-05-21	2	Nullam sit amet turpis elementum ligula vehicula consequat.	$426.56	health	29	21
484	http://dummyimage.com/175x101.jpg/5fa2dd/ffffff	2017-07-26	9	Morbi odio odio, elementum eu, interdum eu, tincidunt in, leo. Maecenas pulvinar lobortis est.	$937.76	health	97	10
485	http://dummyimage.com/129x248.png/dddddd/000000	2017-12-14	5	Aenean sit amet justo.	$896.95	health	4	13
486	http://dummyimage.com/110x218.png/cc0000/ffffff	2018-01-01	2	Integer ac neque. Duis bibendum.	$983.38	health	14	2
487	http://dummyimage.com/157x179.png/5fa2dd/ffffff	2018-02-14	6	Integer pede justo, lacinia eget, tincidunt eget, tempus vel, pede. Morbi porttitor lorem id ligula. Suspendisse ornare consequat lectus.	$516.10	health	13	15
488	http://dummyimage.com/122x124.jpg/cc0000/ffffff	2017-12-17	9	Praesent blandit lacinia erat.	$55.40	health	75	16
489	http://dummyimage.com/181x169.png/ff4444/ffffff	2017-08-12	2	In congue.	$424.24	health	96	22
490	http://dummyimage.com/164x246.jpg/cc0000/ffffff	2018-06-11	1	In est risus, auctor sed, tristique in, tempus sit amet, sem.	$881.91	health	42	1
491	http://dummyimage.com/150x180.bmp/cc0000/ffffff	2017-07-27	8	Lorem ipsum dolor sit amet, consectetuer adipiscing elit.	$440.65	health	51	7
492	http://dummyimage.com/162x110.jpg/ff4444/ffffff	2017-10-19	6	Aenean auctor gravida sem. Praesent id massa id nisl venenatis lacinia.	$123.26	health	12	8
493	http://dummyimage.com/128x164.png/5fa2dd/ffffff	2018-01-28	8	Integer a nibh. In quis justo.	$828.15	health	40	8
494	http://dummyimage.com/217x152.bmp/dddddd/000000	2018-07-01	8	Mauris lacinia sapien quis libero. Nullam sit amet turpis elementum ligula vehicula consequat. Morbi a ipsum.	$395.77	health	72	25
495	http://dummyimage.com/216x172.bmp/ff4444/ffffff	2017-05-21	1	Aenean fermentum.	$396.55	health	92	14
496	http://dummyimage.com/117x217.png/ff4444/ffffff	2017-12-23	10	Nullam molestie nibh in lectus. Pellentesque at nulla. Suspendisse potenti.	$847.16	health	64	8
497	http://dummyimage.com/199x147.png/5fa2dd/ffffff	2017-11-21	1	Suspendisse potenti. Cras in purus eu magna vulputate luctus. Cum sociis natoque penatibus et magnis dis parturient montes, nascetur ridiculus mus.	$415.41	health	20	19
498	http://dummyimage.com/112x215.png/dddddd/000000	2018-01-13	5	Morbi sem mauris, laoreet ut, rhoncus aliquet, pulvinar sed, nisl.	$73.68	health	13	12
499	http://dummyimage.com/236x235.bmp/dddddd/000000	2018-06-07	8	Praesent blandit.	$413.69	health	9	9
500	http://dummyimage.com/250x211.jpg/dddddd/000000	2017-11-25	5	Mauris ullamcorper purus sit amet nulla.	$318.64	health	36	21
501	http://dummyimage.com/246x110.png/dddddd/000000	2017-08-31	4	Integer pede justo, lacinia eget, tincidunt eget, tempus vel, pede.	$697.69	health	91	16
502	http://dummyimage.com/160x177.png/cc0000/ffffff	2017-11-14	9	Donec ut mauris eget massa tempor convallis.	$103.34	health	65	20
503	http://dummyimage.com/168x143.jpg/5fa2dd/ffffff	2018-03-30	5	Nulla neque libero, convallis eget, eleifend luctus, ultricies eu, nibh.	$235.87	health	71	20
504	http://dummyimage.com/190x121.jpg/dddddd/000000	2018-04-27	4	Proin at turpis a pede posuere nonummy.	$338.44	health	17	13
505	http://dummyimage.com/210x100.bmp/cc0000/ffffff	2017-11-16	9	Nulla nisl.	$787.62	health	10	5
506	http://dummyimage.com/224x220.jpg/dddddd/000000	2017-07-12	8	Curabitur in libero ut massa volutpat convallis. Morbi odio odio, elementum eu, interdum eu, tincidunt in, leo.	$65.91	health	1	2
546	http://dummyimage.com/144x122.jpg/5fa2dd/ffffff	2018-05-11	10	Lorem ipsum dolor sit amet, consectetuer adipiscing elit. Proin interdum mauris non ligula pellentesque ultrices. Phasellus id sapien in sapien iaculis congue.	$672.74	cruise	24	24
507	http://dummyimage.com/132x124.bmp/5fa2dd/ffffff	2018-06-23	4	Donec odio justo, sollicitudin ut, suscipit a, feugiat et, eros. Vestibulum ac est lacinia nisi venenatis tristique. Fusce congue, diam id ornare imperdiet, sapien urna pretium nisl, ut volutpat sapien arcu sed augue.	$294.28	health	33	22
508	http://dummyimage.com/187x104.bmp/dddddd/000000	2018-03-12	5	Nulla ut erat id mauris vulputate elementum. Nullam varius. Nulla facilisi.	$654.21	cruise	74	13
509	http://dummyimage.com/241x114.bmp/5fa2dd/ffffff	2018-01-13	10	Nulla neque libero, convallis eget, eleifend luctus, ultricies eu, nibh.	$340.79	cruise	76	23
510	http://dummyimage.com/121x177.jpg/ff4444/ffffff	2018-07-01	4	Vestibulum sed magna at nunc commodo placerat.	$227.37	cruise	4	8
511	http://dummyimage.com/199x177.png/cc0000/ffffff	2017-12-13	3	Duis bibendum. Morbi non quam nec dui luctus rutrum.	$436.85	cruise	29	16
512	http://dummyimage.com/182x135.png/cc0000/ffffff	2018-06-26	4	Nullam varius. Nulla facilisi.	$333.63	cruise	54	19
513	http://dummyimage.com/152x211.jpg/5fa2dd/ffffff	2017-12-29	7	Suspendisse potenti.	$787.04	cruise	52	10
514	http://dummyimage.com/157x185.jpg/dddddd/000000	2017-09-08	4	Donec posuere metus vitae ipsum. Aliquam non mauris. Morbi non lectus.	$231.98	cruise	9	24
515	http://dummyimage.com/119x107.jpg/ff4444/ffffff	2017-07-20	10	Phasellus sit amet erat. Nulla tempus. Vivamus in felis eu sapien cursus vestibulum.	$999.77	cruise	48	14
516	http://dummyimage.com/196x244.jpg/dddddd/000000	2017-08-30	5	Cras in purus eu magna vulputate luctus. Cum sociis natoque penatibus et magnis dis parturient montes, nascetur ridiculus mus. Vivamus vestibulum sagittis sapien.	$474.57	cruise	53	12
517	http://dummyimage.com/211x165.bmp/5fa2dd/ffffff	2018-02-03	5	Mauris lacinia sapien quis libero.	$727.51	cruise	66	1
518	http://dummyimage.com/186x125.bmp/dddddd/000000	2017-07-27	2	Duis consequat dui nec nisi volutpat eleifend. Donec ut dolor.	$457.57	cruise	17	8
519	http://dummyimage.com/240x175.bmp/5fa2dd/ffffff	2017-06-24	9	Curabitur gravida nisi at nibh. In hac habitasse platea dictumst.	$378.22	cruise	70	12
520	http://dummyimage.com/105x161.jpg/dddddd/000000	2017-06-17	9	Vestibulum ante ipsum primis in faucibus orci luctus et ultrices posuere cubilia Curae; Duis faucibus accumsan odio. Curabitur convallis. Duis consequat dui nec nisi volutpat eleifend.	$742.50	cruise	81	5
521	http://dummyimage.com/161x147.jpg/cc0000/ffffff	2018-02-16	10	Morbi a ipsum.	$327.96	cruise	31	3
522	http://dummyimage.com/135x242.jpg/5fa2dd/ffffff	2017-07-01	3	Nulla facilisi.	$825.84	cruise	82	12
523	http://dummyimage.com/133x175.jpg/5fa2dd/ffffff	2018-04-13	2	Etiam faucibus cursus urna.	$817.35	cruise	72	12
524	http://dummyimage.com/171x199.bmp/cc0000/ffffff	2018-06-19	8	Vivamus metus arcu, adipiscing molestie, hendrerit at, vulputate vitae, nisl. Aenean lectus.	$90.44	cruise	65	3
525	http://dummyimage.com/146x219.bmp/5fa2dd/ffffff	2017-08-14	6	Morbi vel lectus in quam fringilla rhoncus.	$993.63	cruise	66	5
526	http://dummyimage.com/204x208.bmp/dddddd/000000	2017-10-16	5	Suspendisse potenti. In eleifend quam a odio.	$829.10	cruise	20	20
527	http://dummyimage.com/136x147.bmp/ff4444/ffffff	2018-04-26	2	Duis ac nibh. Fusce lacus purus, aliquet at, feugiat non, pretium quis, lectus. Suspendisse potenti.	$378.66	cruise	3	1
528	http://dummyimage.com/230x244.jpg/cc0000/ffffff	2017-05-26	4	Vestibulum ante ipsum primis in faucibus orci luctus et ultrices posuere cubilia Curae; Mauris viverra diam vitae quam. Suspendisse potenti. Nullam porttitor lacus at turpis.	$711.95	cruise	74	7
529	http://dummyimage.com/121x218.png/5fa2dd/ffffff	2018-04-14	10	Vestibulum ante ipsum primis in faucibus orci luctus et ultrices posuere cubilia Curae; Mauris viverra diam vitae quam. Suspendisse potenti.	$415.20	cruise	76	12
530	http://dummyimage.com/166x186.jpg/5fa2dd/ffffff	2017-10-22	2	In hac habitasse platea dictumst. Morbi vestibulum, velit id pretium iaculis, diam erat fermentum justo, nec condimentum neque sapien placerat ante.	$139.22	cruise	72	9
531	http://dummyimage.com/150x181.jpg/cc0000/ffffff	2017-09-08	6	Vivamus in felis eu sapien cursus vestibulum. Proin eu mi. Nulla ac enim.	$778.99	cruise	51	6
532	http://dummyimage.com/230x248.jpg/dddddd/000000	2018-04-01	2	Nullam molestie nibh in lectus. Pellentesque at nulla.	$977.84	cruise	4	15
533	http://dummyimage.com/194x147.png/5fa2dd/ffffff	2017-07-14	1	Aliquam erat volutpat. In congue.	$305.96	cruise	43	10
534	http://dummyimage.com/246x163.png/dddddd/000000	2018-02-26	6	Fusce congue, diam id ornare imperdiet, sapien urna pretium nisl, ut volutpat sapien arcu sed augue. Aliquam erat volutpat.	$292.04	cruise	17	23
535	http://dummyimage.com/137x107.bmp/dddddd/000000	2018-02-05	1	Mauris sit amet eros.	$569.45	cruise	54	22
536	http://dummyimage.com/215x226.png/cc0000/ffffff	2018-05-25	7	Quisque porta volutpat erat.	$77.12	cruise	86	4
537	http://dummyimage.com/190x130.png/5fa2dd/ffffff	2017-05-26	10	Aenean auctor gravida sem. Praesent id massa id nisl venenatis lacinia.	$659.69	cruise	51	19
538	http://dummyimage.com/194x211.png/5fa2dd/ffffff	2018-03-04	1	Lorem ipsum dolor sit amet, consectetuer adipiscing elit.	$303.42	cruise	90	10
539	http://dummyimage.com/212x214.jpg/dddddd/000000	2018-03-12	5	In hac habitasse platea dictumst. Etiam faucibus cursus urna.	$294.59	cruise	86	14
540	http://dummyimage.com/215x113.png/5fa2dd/ffffff	2018-01-20	5	Suspendisse potenti. In eleifend quam a odio.	$581.92	cruise	82	21
541	http://dummyimage.com/214x182.bmp/dddddd/000000	2017-10-15	2	In hac habitasse platea dictumst. Etiam faucibus cursus urna. Ut tellus.	$753.71	cruise	4	2
542	http://dummyimage.com/157x107.png/cc0000/ffffff	2018-01-03	1	Nulla ac enim. In tempor, turpis nec euismod scelerisque, quam turpis adipiscing lorem, vitae mattis nibh ligula nec sem. Duis aliquam convallis nunc.	$167.11	cruise	87	10
543	http://dummyimage.com/125x123.jpg/cc0000/ffffff	2017-05-13	7	Donec semper sapien a libero. Nam dui. Proin leo odio, porttitor id, consequat in, consequat ut, nulla.	$702.97	cruise	1	8
544	http://dummyimage.com/250x123.png/cc0000/ffffff	2017-11-28	3	Proin at turpis a pede posuere nonummy.	$911.86	cruise	42	2
545	http://dummyimage.com/193x206.jpg/5fa2dd/ffffff	2018-05-17	5	Morbi odio odio, elementum eu, interdum eu, tincidunt in, leo. Maecenas pulvinar lobortis est.	$257.78	cruise	85	18
547	http://dummyimage.com/250x225.png/dddddd/000000	2017-09-02	4	Ut at dolor quis odio consequat varius. Integer ac leo.	$54.04	cruise	56	1
548	http://dummyimage.com/227x200.jpg/ff4444/ffffff	2017-07-31	7	Curabitur gravida nisi at nibh.	$707.68	cruise	27	13
549	http://dummyimage.com/139x167.png/cc0000/ffffff	2018-05-03	1	Pellentesque viverra pede ac diam. Cras pellentesque volutpat dui.	$716.30	cruise	29	21
550	http://dummyimage.com/134x153.png/ff4444/ffffff	2017-10-06	9	Nulla suscipit ligula in lacus.	$192.41	cruise	28	2
551	http://dummyimage.com/242x175.bmp/dddddd/000000	2017-10-25	2	Nam congue, risus semper porta volutpat, quam pede lobortis ligula, sit amet eleifend pede libero quis orci. Nullam molestie nibh in lectus. Pellentesque at nulla.	$271.05	cruise	74	11
552	http://dummyimage.com/202x130.bmp/5fa2dd/ffffff	2017-12-05	9	Morbi a ipsum. Integer a nibh.	$959.83	cruise	95	24
553	http://dummyimage.com/210x192.png/dddddd/000000	2017-07-04	6	Duis consequat dui nec nisi volutpat eleifend. Donec ut dolor. Morbi vel lectus in quam fringilla rhoncus.	$421.22	cruise	87	4
554	http://dummyimage.com/242x118.png/ff4444/ffffff	2017-06-13	7	Integer aliquet, massa id lobortis convallis, tortor risus dapibus augue, vel accumsan tellus nisi eu orci. Mauris lacinia sapien quis libero. Nullam sit amet turpis elementum ligula vehicula consequat.	$601.27	cruise	95	20
555	http://dummyimage.com/195x135.bmp/ff4444/ffffff	2017-12-06	3	Sed sagittis. Nam congue, risus semper porta volutpat, quam pede lobortis ligula, sit amet eleifend pede libero quis orci.	$848.29	cruise	12	17
556	http://dummyimage.com/174x107.bmp/dddddd/000000	2017-09-03	4	Cum sociis natoque penatibus et magnis dis parturient montes, nascetur ridiculus mus.	$109.94	cruise	61	17
557	http://dummyimage.com/106x233.jpg/dddddd/000000	2017-11-03	10	Integer non velit. Donec diam neque, vestibulum eget, vulputate ut, ultrices vel, augue. Vestibulum ante ipsum primis in faucibus orci luctus et ultrices posuere cubilia Curae.	$620.05	cruise	94	11
558	http://dummyimage.com/233x100.bmp/ff4444/ffffff	2017-07-31	1	Suspendisse ornare consequat lectus. In est risus, auctor sed, tristique in, tempus sit amet, sem.	$526.59	cruise	46	12
559	http://dummyimage.com/247x184.jpg/5fa2dd/ffffff	2018-03-27	9	Suspendisse potenti.	$172.74	cruise	15	17
560	http://dummyimage.com/147x182.bmp/5fa2dd/ffffff	2017-06-05	4	Etiam pretium iaculis justo. In hac habitasse platea dictumst.	$302.03	cruise	27	21
561	http://dummyimage.com/203x186.png/ff4444/ffffff	2018-01-30	7	Nullam molestie nibh in lectus. Pellentesque at nulla.	$319.25	cruise	92	11
562	http://dummyimage.com/123x118.bmp/ff4444/ffffff	2017-09-28	2	Proin at turpis a pede posuere nonummy. Integer non velit. Donec diam neque, vestibulum eget, vulputate ut, ultrices vel, augue.	$981.90	cruise	4	2
563	http://dummyimage.com/223x227.png/5fa2dd/ffffff	2018-07-04	5	Donec quis orci eget orci vehicula condimentum. Curabitur in libero ut massa volutpat convallis. Morbi odio odio, elementum eu, interdum eu, tincidunt in, leo.	$704.04	cruise	46	25
564	http://dummyimage.com/157x246.bmp/dddddd/000000	2018-05-25	8	Aenean auctor gravida sem. Praesent id massa id nisl venenatis lacinia.	$262.01	cruise	72	3
565	http://dummyimage.com/242x112.png/ff4444/ffffff	2018-03-06	3	Pellentesque eget nunc.	$82.91	cruise	28	2
566	http://dummyimage.com/213x226.jpg/5fa2dd/ffffff	2017-09-22	6	Duis consequat dui nec nisi volutpat eleifend. Donec ut dolor. Morbi vel lectus in quam fringilla rhoncus.	$489.65	cruise	32	2
567	http://dummyimage.com/236x208.jpg/5fa2dd/ffffff	2017-12-08	8	Curabitur convallis. Duis consequat dui nec nisi volutpat eleifend. Donec ut dolor.	$287.23	cruise	94	23
568	http://dummyimage.com/243x145.bmp/dddddd/000000	2018-01-04	5	Quisque ut erat.	$497.00	cruise	37	13
569	http://dummyimage.com/233x231.bmp/dddddd/000000	2017-09-03	6	Nullam molestie nibh in lectus.	$588.66	cruise	41	17
570	http://dummyimage.com/122x228.png/dddddd/000000	2017-11-08	7	Praesent blandit lacinia erat. Vestibulum sed magna at nunc commodo placerat. Praesent blandit.	$404.18	cruise	5	9
571	http://dummyimage.com/168x250.png/cc0000/ffffff	2017-10-24	1	Nullam molestie nibh in lectus.	$511.64	cruise	72	22
572	http://dummyimage.com/130x103.bmp/5fa2dd/ffffff	2017-09-11	8	Pellentesque ultrices mattis odio. Donec vitae nisi.	$217.81	cruise	15	25
573	http://dummyimage.com/173x168.bmp/ff4444/ffffff	2018-04-02	8	Nulla neque libero, convallis eget, eleifend luctus, ultricies eu, nibh.	$413.59	cruise	47	24
574	http://dummyimage.com/210x107.jpg/dddddd/000000	2018-02-07	7	Cras in purus eu magna vulputate luctus.	$722.63	cruise	86	20
575	http://dummyimage.com/147x128.png/dddddd/000000	2017-11-26	6	Vestibulum quam sapien, varius ut, blandit non, interdum in, ante.	$304.84	cruise	96	3
576	http://dummyimage.com/182x250.bmp/ff4444/ffffff	2017-06-09	2	Pellentesque at nulla. Suspendisse potenti. Cras in purus eu magna vulputate luctus.	$437.21	cruise	64	20
577	http://dummyimage.com/201x185.bmp/5fa2dd/ffffff	2017-11-11	4	Nulla tempus.	$340.58	cruise	14	8
578	http://dummyimage.com/129x142.jpg/cc0000/ffffff	2017-11-24	2	Mauris sit amet eros. Suspendisse accumsan tortor quis turpis.	$855.41	cruise	99	16
579	http://dummyimage.com/213x192.png/ff4444/ffffff	2018-02-26	8	Nulla ut erat id mauris vulputate elementum. Nullam varius. Nulla facilisi.	$98.69	cruise	61	14
580	http://dummyimage.com/206x111.bmp/5fa2dd/ffffff	2018-04-03	4	Vestibulum rutrum rutrum neque.	$11.74	cruise	26	11
581	http://dummyimage.com/126x119.jpg/cc0000/ffffff	2018-06-19	8	Aliquam sit amet diam in magna bibendum imperdiet. Nullam orci pede, venenatis non, sodales sed, tincidunt eu, felis.	$512.72	cruise	87	2
582	http://dummyimage.com/204x103.jpg/ff4444/ffffff	2018-03-23	2	Duis aliquam convallis nunc. Proin at turpis a pede posuere nonummy.	$884.08	cruise	34	23
583	http://dummyimage.com/206x101.jpg/5fa2dd/ffffff	2017-10-25	8	Morbi non lectus. Aliquam sit amet diam in magna bibendum imperdiet. Nullam orci pede, venenatis non, sodales sed, tincidunt eu, felis.	$12.16	cruise	2	11
584	http://dummyimage.com/147x194.jpg/dddddd/000000	2017-08-20	9	Suspendisse potenti. Cras in purus eu magna vulputate luctus. Cum sociis natoque penatibus et magnis dis parturient montes, nascetur ridiculus mus.	$679.22	cruise	98	20
585	http://dummyimage.com/134x173.jpg/dddddd/000000	2017-11-30	2	Donec ut dolor.	$905.91	cruise	95	18
586	http://dummyimage.com/214x162.bmp/5fa2dd/ffffff	2018-05-16	8	Cras mi pede, malesuada in, imperdiet et, commodo vulputate, justo. In blandit ultrices enim. Lorem ipsum dolor sit amet, consectetuer adipiscing elit.	$487.07	cruise	48	10
703	http://dummyimage.com/160x206.bmp/cc0000/ffffff	2018-01-05	2	Nulla nisl.	$35.79	education	41	18
587	http://dummyimage.com/194x200.jpg/cc0000/ffffff	2017-10-24	1	Ut at dolor quis odio consequat varius. Integer ac leo. Pellentesque ultrices mattis odio.	$917.39	cruise	30	23
588	http://dummyimage.com/124x233.bmp/cc0000/ffffff	2017-12-10	6	Vivamus tortor.	$802.54	cruise	40	18
589	http://dummyimage.com/195x200.jpg/dddddd/000000	2017-11-03	4	Morbi sem mauris, laoreet ut, rhoncus aliquet, pulvinar sed, nisl.	$473.43	cruise	13	18
590	http://dummyimage.com/246x100.bmp/ff4444/ffffff	2018-06-25	3	In sagittis dui vel nisl. Duis ac nibh.	$74.32	cruise	76	21
591	http://dummyimage.com/238x112.jpg/5fa2dd/ffffff	2017-10-09	2	Quisque ut erat. Curabitur gravida nisi at nibh. In hac habitasse platea dictumst.	$284.74	cruise	68	22
592	http://dummyimage.com/237x217.bmp/5fa2dd/ffffff	2017-09-20	10	Integer ac leo. Pellentesque ultrices mattis odio. Donec vitae nisi.	$339.22	cruise	51	9
593	http://dummyimage.com/136x222.png/5fa2dd/ffffff	2017-08-01	1	Vestibulum ante ipsum primis in faucibus orci luctus et ultrices posuere cubilia Curae; Donec pharetra, magna vestibulum aliquet ultrices, erat tortor sollicitudin mi, sit amet lobortis sapien sapien non mi. Integer ac neque. Duis bibendum.	$73.80	cruise	11	24
594	http://dummyimage.com/159x250.png/5fa2dd/ffffff	2018-05-06	7	Vestibulum ante ipsum primis in faucibus orci luctus et ultrices posuere cubilia Curae; Donec pharetra, magna vestibulum aliquet ultrices, erat tortor sollicitudin mi, sit amet lobortis sapien sapien non mi.	$316.03	cruise	11	8
595	http://dummyimage.com/227x218.jpg/5fa2dd/ffffff	2017-07-14	7	Praesent lectus.	$447.14	cruise	83	12
596	http://dummyimage.com/147x203.jpg/5fa2dd/ffffff	2017-12-02	8	In tempor, turpis nec euismod scelerisque, quam turpis adipiscing lorem, vitae mattis nibh ligula nec sem.	$833.16	cruise	60	8
597	http://dummyimage.com/215x222.bmp/5fa2dd/ffffff	2018-05-25	6	Etiam vel augue. Vestibulum rutrum rutrum neque. Aenean auctor gravida sem.	$563.59	cruise	64	7
598	http://dummyimage.com/109x219.bmp/ff4444/ffffff	2017-12-06	3	Pellentesque ultrices mattis odio. Donec vitae nisi. Nam ultrices, libero non mattis pulvinar, nulla pede ullamcorper augue, a suscipit nulla elit ac nulla.	$661.81	cruise	7	9
599	http://dummyimage.com/171x155.jpg/dddddd/000000	2017-08-16	6	Suspendisse ornare consequat lectus. In est risus, auctor sed, tristique in, tempus sit amet, sem. Fusce consequat.	$148.01	cruise	5	17
600	http://dummyimage.com/220x143.png/5fa2dd/ffffff	2017-11-10	1	Quisque erat eros, viverra eget, congue eget, semper rutrum, nulla.	$68.44	cruise	58	8
601	http://dummyimage.com/112x181.png/dddddd/000000	2018-06-08	4	Duis ac nibh. Fusce lacus purus, aliquet at, feugiat non, pretium quis, lectus. Suspendisse potenti.	$375.89	cruise	91	18
602	http://dummyimage.com/145x247.jpg/dddddd/000000	2018-04-17	9	Aliquam sit amet diam in magna bibendum imperdiet.	$377.72	cruise	1	16
603	http://dummyimage.com/250x174.png/cc0000/ffffff	2018-06-13	6	Proin interdum mauris non ligula pellentesque ultrices. Phasellus id sapien in sapien iaculis congue.	$465.25	cruise	62	25
604	http://dummyimage.com/143x146.png/ff4444/ffffff	2017-05-10	2	Praesent lectus. Vestibulum quam sapien, varius ut, blandit non, interdum in, ante. Vestibulum ante ipsum primis in faucibus orci luctus et ultrices posuere cubilia Curae; Duis faucibus accumsan odio.	$275.09	cruise	69	4
605	http://dummyimage.com/130x202.png/dddddd/000000	2017-06-15	7	Nulla nisl.	$717.75	cruise	9	13
606	http://dummyimage.com/183x189.bmp/dddddd/000000	2018-03-24	2	In hac habitasse platea dictumst. Etiam faucibus cursus urna.	$398.18	cruise	76	18
607	http://dummyimage.com/205x234.jpg/dddddd/000000	2017-12-20	3	Nam congue, risus semper porta volutpat, quam pede lobortis ligula, sit amet eleifend pede libero quis orci.	$964.23	cruise	65	22
608	http://dummyimage.com/213x220.jpg/5fa2dd/ffffff	2017-08-19	4	Lorem ipsum dolor sit amet, consectetuer adipiscing elit.	$110.83	education	77	5
609	http://dummyimage.com/189x126.bmp/cc0000/ffffff	2018-05-02	4	Aliquam erat volutpat. In congue.	$329.44	education	15	5
610	http://dummyimage.com/214x167.jpg/ff4444/ffffff	2018-05-19	7	Praesent lectus. Vestibulum quam sapien, varius ut, blandit non, interdum in, ante. Vestibulum ante ipsum primis in faucibus orci luctus et ultrices posuere cubilia Curae; Duis faucibus accumsan odio.	$508.04	education	45	11
611	http://dummyimage.com/171x218.png/5fa2dd/ffffff	2017-09-20	3	Donec odio justo, sollicitudin ut, suscipit a, feugiat et, eros. Vestibulum ac est lacinia nisi venenatis tristique. Fusce congue, diam id ornare imperdiet, sapien urna pretium nisl, ut volutpat sapien arcu sed augue.	$224.77	education	39	12
612	http://dummyimage.com/190x236.jpg/5fa2dd/ffffff	2017-10-22	10	Donec quis orci eget orci vehicula condimentum. Curabitur in libero ut massa volutpat convallis.	$463.58	education	53	14
613	http://dummyimage.com/211x110.jpg/cc0000/ffffff	2018-01-15	7	Cras in purus eu magna vulputate luctus. Cum sociis natoque penatibus et magnis dis parturient montes, nascetur ridiculus mus. Vivamus vestibulum sagittis sapien.	$137.14	education	60	14
614	http://dummyimage.com/118x150.jpg/ff4444/ffffff	2017-09-07	4	Pellentesque viverra pede ac diam. Cras pellentesque volutpat dui. Maecenas tristique, est et tempus semper, est quam pharetra magna, ac consequat metus sapien ut nunc.	$799.97	education	67	12
615	http://dummyimage.com/115x189.jpg/ff4444/ffffff	2017-09-02	10	Vestibulum rutrum rutrum neque. Aenean auctor gravida sem.	$713.01	education	65	24
616	http://dummyimage.com/170x206.png/5fa2dd/ffffff	2017-10-19	6	In est risus, auctor sed, tristique in, tempus sit amet, sem. Fusce consequat.	$94.78	education	65	19
617	http://dummyimage.com/243x130.jpg/5fa2dd/ffffff	2017-07-12	6	Vestibulum rutrum rutrum neque. Aenean auctor gravida sem.	$616.50	education	65	12
618	http://dummyimage.com/162x237.jpg/dddddd/000000	2018-03-06	1	Duis mattis egestas metus. Aenean fermentum.	$393.70	education	24	12
619	http://dummyimage.com/170x203.jpg/dddddd/000000	2018-03-06	1	Aenean sit amet justo. Morbi ut odio.	$867.48	education	26	14
620	http://dummyimage.com/118x229.jpg/ff4444/ffffff	2017-08-23	3	Phasellus id sapien in sapien iaculis congue. Vivamus metus arcu, adipiscing molestie, hendrerit at, vulputate vitae, nisl. Aenean lectus.	$407.23	education	17	2
621	http://dummyimage.com/116x107.png/ff4444/ffffff	2017-11-02	4	Maecenas rhoncus aliquam lacus. Morbi quis tortor id nulla ultrices aliquet. Maecenas leo odio, condimentum id, luctus nec, molestie sed, justo.	$463.36	education	21	1
622	http://dummyimage.com/220x176.bmp/ff4444/ffffff	2017-11-17	4	Proin interdum mauris non ligula pellentesque ultrices. Phasellus id sapien in sapien iaculis congue.	$349.74	education	5	14
623	http://dummyimage.com/216x195.jpg/cc0000/ffffff	2018-04-03	4	Nulla mollis molestie lorem. Quisque ut erat. Curabitur gravida nisi at nibh.	$90.00	education	19	19
624	http://dummyimage.com/199x137.jpg/cc0000/ffffff	2018-03-20	1	Suspendisse accumsan tortor quis turpis. Sed ante. Vivamus tortor.	$42.49	education	75	21
625	http://dummyimage.com/117x161.jpg/dddddd/000000	2017-11-13	9	Vivamus tortor. Duis mattis egestas metus. Aenean fermentum.	$478.45	education	9	6
626	http://dummyimage.com/150x116.jpg/dddddd/000000	2018-02-05	1	Donec quis orci eget orci vehicula condimentum. Curabitur in libero ut massa volutpat convallis. Morbi odio odio, elementum eu, interdum eu, tincidunt in, leo.	$359.60	education	54	15
627	http://dummyimage.com/147x238.jpg/dddddd/000000	2018-03-23	2	Praesent id massa id nisl venenatis lacinia.	$881.03	education	78	24
628	http://dummyimage.com/175x139.jpg/ff4444/ffffff	2018-02-21	10	Sed vel enim sit amet nunc viverra dapibus. Nulla suscipit ligula in lacus.	$787.99	education	37	15
629	http://dummyimage.com/152x242.bmp/5fa2dd/ffffff	2017-05-12	7	Etiam justo. Etiam pretium iaculis justo.	$518.17	education	79	3
630	http://dummyimage.com/243x182.png/ff4444/ffffff	2018-03-29	3	Donec ut mauris eget massa tempor convallis.	$672.20	education	13	9
631	http://dummyimage.com/155x165.jpg/ff4444/ffffff	2018-05-25	7	Proin interdum mauris non ligula pellentesque ultrices. Phasellus id sapien in sapien iaculis congue.	$378.35	education	76	11
632	http://dummyimage.com/196x223.jpg/5fa2dd/ffffff	2018-04-02	3	Cum sociis natoque penatibus et magnis dis parturient montes, nascetur ridiculus mus.	$368.97	education	65	23
633	http://dummyimage.com/125x186.png/cc0000/ffffff	2017-12-26	3	Duis consequat dui nec nisi volutpat eleifend. Donec ut dolor.	$724.12	education	64	12
634	http://dummyimage.com/214x232.jpg/ff4444/ffffff	2018-01-03	4	Vestibulum ante ipsum primis in faucibus orci luctus et ultrices posuere cubilia Curae; Duis faucibus accumsan odio. Curabitur convallis.	$441.57	education	44	4
635	http://dummyimage.com/145x112.bmp/dddddd/000000	2018-05-25	3	Nulla ac enim.	$658.14	education	83	8
636	http://dummyimage.com/108x250.jpg/ff4444/ffffff	2018-03-13	9	Integer tincidunt ante vel ipsum. Praesent blandit lacinia erat.	$135.87	education	10	19
637	http://dummyimage.com/120x155.png/5fa2dd/ffffff	2017-12-27	5	Lorem ipsum dolor sit amet, consectetuer adipiscing elit. Proin interdum mauris non ligula pellentesque ultrices. Phasellus id sapien in sapien iaculis congue.	$389.82	education	53	9
638	http://dummyimage.com/190x171.jpg/5fa2dd/ffffff	2018-05-27	3	Nulla ac enim. In tempor, turpis nec euismod scelerisque, quam turpis adipiscing lorem, vitae mattis nibh ligula nec sem.	$118.20	education	35	19
639	http://dummyimage.com/167x245.jpg/cc0000/ffffff	2017-08-04	3	Donec vitae nisi. Nam ultrices, libero non mattis pulvinar, nulla pede ullamcorper augue, a suscipit nulla elit ac nulla. Sed vel enim sit amet nunc viverra dapibus.	$630.72	education	97	19
640	http://dummyimage.com/141x145.jpg/dddddd/000000	2018-01-05	6	Maecenas leo odio, condimentum id, luctus nec, molestie sed, justo. Pellentesque viverra pede ac diam.	$701.08	education	26	14
641	http://dummyimage.com/189x158.bmp/cc0000/ffffff	2017-06-30	8	Proin eu mi. Nulla ac enim. In tempor, turpis nec euismod scelerisque, quam turpis adipiscing lorem, vitae mattis nibh ligula nec sem.	$499.58	education	59	11
642	http://dummyimage.com/109x180.bmp/ff4444/ffffff	2018-06-04	7	Morbi quis tortor id nulla ultrices aliquet. Maecenas leo odio, condimentum id, luctus nec, molestie sed, justo. Pellentesque viverra pede ac diam.	$945.73	education	44	17
643	http://dummyimage.com/140x151.png/dddddd/000000	2017-09-29	6	Vestibulum ante ipsum primis in faucibus orci luctus et ultrices posuere cubilia Curae; Donec pharetra, magna vestibulum aliquet ultrices.	$590.33	education	46	21
644	http://dummyimage.com/111x171.bmp/5fa2dd/ffffff	2017-11-08	8	Donec diam neque, vestibulum eget, vulputate ut, ultrices vel, augue.	$210.14	education	66	11
645	http://dummyimage.com/170x162.jpg/dddddd/000000	2017-07-12	5	Aliquam non mauris.	$805.92	education	54	14
646	http://dummyimage.com/115x247.png/5fa2dd/ffffff	2017-11-10	10	Suspendisse potenti. In eleifend quam a odio. In hac habitasse platea dictumst.	$97.08	education	19	5
647	http://dummyimage.com/161x180.png/cc0000/ffffff	2017-05-15	7	Quisque erat eros, viverra eget, congue eget, semper rutrum, nulla. Nunc purus.	$294.48	education	42	17
648	http://dummyimage.com/102x200.png/cc0000/ffffff	2018-02-14	8	Suspendisse potenti. In eleifend quam a odio. In hac habitasse platea dictumst.	$450.37	education	51	25
649	http://dummyimage.com/101x118.png/cc0000/ffffff	2017-11-13	2	Vivamus metus arcu, adipiscing molestie, hendrerit at, vulputate vitae, nisl. Aenean lectus. Pellentesque eget nunc.	$233.42	education	17	20
650	http://dummyimage.com/141x104.bmp/dddddd/000000	2017-06-14	7	Proin at turpis a pede posuere nonummy. Integer non velit. Donec diam neque, vestibulum eget, vulputate ut, ultrices vel, augue.	$14.56	education	64	13
651	http://dummyimage.com/196x153.png/cc0000/ffffff	2017-10-28	9	Morbi vestibulum, velit id pretium iaculis, diam erat fermentum justo, nec condimentum neque sapien placerat ante. Nulla justo.	$388.03	education	5	1
652	http://dummyimage.com/246x211.bmp/dddddd/000000	2017-08-17	6	Pellentesque viverra pede ac diam. Cras pellentesque volutpat dui.	$898.44	education	96	1
653	http://dummyimage.com/235x161.bmp/ff4444/ffffff	2018-01-22	10	Suspendisse potenti.	$859.50	education	48	15
654	http://dummyimage.com/246x241.bmp/ff4444/ffffff	2017-08-10	1	In hac habitasse platea dictumst. Etiam faucibus cursus urna. Ut tellus.	$576.98	education	52	6
655	http://dummyimage.com/118x230.png/ff4444/ffffff	2017-12-14	8	Donec vitae nisi. Nam ultrices, libero non mattis pulvinar, nulla pede ullamcorper augue, a suscipit nulla elit ac nulla.	$524.82	education	5	14
656	http://dummyimage.com/209x144.bmp/cc0000/ffffff	2017-07-24	6	Nam dui.	$31.09	education	8	18
657	http://dummyimage.com/143x211.jpg/ff4444/ffffff	2018-05-26	5	Pellentesque viverra pede ac diam.	$189.43	education	29	9
658	http://dummyimage.com/113x142.png/5fa2dd/ffffff	2018-04-15	1	Donec odio justo, sollicitudin ut, suscipit a, feugiat et, eros.	$392.15	education	87	20
659	http://dummyimage.com/155x246.png/5fa2dd/ffffff	2017-11-02	5	Sed accumsan felis. Ut at dolor quis odio consequat varius.	$787.69	education	71	13
660	http://dummyimage.com/228x241.png/dddddd/000000	2017-11-05	9	Mauris enim leo, rhoncus sed, vestibulum sit amet, cursus id, turpis. Integer aliquet, massa id lobortis convallis, tortor risus dapibus augue, vel accumsan tellus nisi eu orci.	$904.69	education	39	10
661	http://dummyimage.com/185x150.bmp/5fa2dd/ffffff	2017-07-20	9	Nullam molestie nibh in lectus. Pellentesque at nulla.	$106.17	education	8	23
662	http://dummyimage.com/207x169.png/ff4444/ffffff	2017-10-26	7	Donec ut dolor. Morbi vel lectus in quam fringilla rhoncus. Mauris enim leo, rhoncus sed, vestibulum sit amet, cursus id, turpis.	$374.23	education	13	21
663	http://dummyimage.com/177x186.png/cc0000/ffffff	2017-11-08	7	Nulla justo. Aliquam quis turpis eget elit sodales scelerisque.	$253.79	education	24	22
664	http://dummyimage.com/131x175.png/dddddd/000000	2017-09-26	5	Nam nulla. Integer pede justo, lacinia eget, tincidunt eget, tempus vel, pede. Morbi porttitor lorem id ligula.	$445.39	education	92	17
665	http://dummyimage.com/118x249.jpg/cc0000/ffffff	2018-02-17	8	Proin risus. Praesent lectus. Vestibulum quam sapien, varius ut, blandit non, interdum in, ante.	$216.88	education	13	23
666	http://dummyimage.com/103x160.bmp/ff4444/ffffff	2018-05-24	5	Donec quis orci eget orci vehicula condimentum. Curabitur in libero ut massa volutpat convallis.	$276.18	education	2	21
667	http://dummyimage.com/190x134.bmp/ff4444/ffffff	2018-05-30	9	Donec diam neque, vestibulum eget, vulputate ut, ultrices vel, augue. Vestibulum ante ipsum primis in faucibus orci luctus et ultrices posuere cubilia Curae.	$730.10	education	5	18
668	http://dummyimage.com/128x140.bmp/dddddd/000000	2018-06-23	1	Integer pede justo, lacinia eget, tincidunt eget, tempus vel, pede.	$993.76	education	60	16
669	http://dummyimage.com/151x199.bmp/cc0000/ffffff	2017-09-04	5	Vivamus vel nulla eget eros elementum pellentesque.	$644.44	education	94	25
670	http://dummyimage.com/163x128.bmp/dddddd/000000	2018-03-01	3	In hac habitasse platea dictumst.	$278.08	education	60	1
671	http://dummyimage.com/137x121.bmp/5fa2dd/ffffff	2018-04-16	2	Nulla facilisi. Cras non velit nec nisi vulputate nonummy. Maecenas tincidunt lacus at velit.	$476.23	education	97	21
672	http://dummyimage.com/119x174.png/cc0000/ffffff	2018-05-08	5	Fusce congue, diam id ornare imperdiet, sapien urna pretium nisl, ut volutpat sapien arcu sed augue. Aliquam erat volutpat.	$328.17	education	41	23
673	http://dummyimage.com/230x196.jpg/5fa2dd/ffffff	2018-06-21	2	Vivamus in felis eu sapien cursus vestibulum. Proin eu mi.	$898.76	education	63	5
674	http://dummyimage.com/136x210.bmp/cc0000/ffffff	2018-06-24	1	Cum sociis natoque penatibus et magnis dis parturient montes, nascetur ridiculus mus. Etiam vel augue.	$407.26	education	22	16
675	http://dummyimage.com/180x208.jpg/dddddd/000000	2017-06-11	7	Praesent blandit lacinia erat.	$955.24	education	58	1
676	http://dummyimage.com/233x188.png/cc0000/ffffff	2017-09-24	3	Aenean fermentum. Donec ut mauris eget massa tempor convallis. Nulla neque libero, convallis eget, eleifend luctus, ultricies eu, nibh.	$75.23	education	78	5
677	http://dummyimage.com/162x156.png/ff4444/ffffff	2017-10-13	7	Etiam vel augue.	$906.92	education	51	3
678	http://dummyimage.com/189x202.bmp/ff4444/ffffff	2018-01-07	6	In tempor, turpis nec euismod scelerisque, quam turpis adipiscing lorem, vitae mattis nibh ligula nec sem.	$878.64	education	24	12
679	http://dummyimage.com/123x139.bmp/ff4444/ffffff	2017-12-21	6	Vivamus metus arcu, adipiscing molestie, hendrerit at, vulputate vitae, nisl. Aenean lectus. Pellentesque eget nunc.	$379.04	education	93	7
680	http://dummyimage.com/108x241.bmp/dddddd/000000	2017-09-09	6	Nulla tellus.	$919.08	education	24	3
681	http://dummyimage.com/121x150.png/dddddd/000000	2017-07-10	4	Donec ut mauris eget massa tempor convallis.	$900.38	education	22	21
682	http://dummyimage.com/108x165.bmp/dddddd/000000	2017-07-10	5	Donec quis orci eget orci vehicula condimentum.	$329.91	education	1	1
683	http://dummyimage.com/218x171.bmp/cc0000/ffffff	2017-10-28	2	Morbi quis tortor id nulla ultrices aliquet. Maecenas leo odio, condimentum id, luctus nec, molestie sed, justo.	$369.93	education	72	16
684	http://dummyimage.com/126x220.png/dddddd/000000	2018-03-10	7	Ut tellus. Nulla ut erat id mauris vulputate elementum.	$696.13	education	35	25
685	http://dummyimage.com/129x119.jpg/ff4444/ffffff	2017-06-21	2	Suspendisse potenti.	$100.65	education	1	15
686	http://dummyimage.com/161x199.bmp/ff4444/ffffff	2017-08-23	2	Nulla justo. Aliquam quis turpis eget elit sodales scelerisque.	$749.70	education	52	1
687	http://dummyimage.com/164x209.png/cc0000/ffffff	2018-05-22	4	In congue. Etiam justo. Etiam pretium iaculis justo.	$241.29	education	15	16
688	http://dummyimage.com/129x177.bmp/dddddd/000000	2017-09-21	10	Duis bibendum, felis sed interdum venenatis, turpis enim blandit mi, in porttitor pede justo eu massa.	$984.06	education	66	1
689	http://dummyimage.com/106x210.jpg/dddddd/000000	2017-08-06	1	Nam congue, risus semper porta volutpat, quam pede lobortis ligula, sit amet eleifend pede libero quis orci. Nullam molestie nibh in lectus. Pellentesque at nulla.	$128.97	education	61	22
690	http://dummyimage.com/222x203.png/dddddd/000000	2017-10-03	10	Quisque porta volutpat erat.	$613.58	education	94	16
691	http://dummyimage.com/129x127.png/dddddd/000000	2018-04-07	6	Etiam vel augue.	$86.43	education	15	5
692	http://dummyimage.com/132x151.jpg/5fa2dd/ffffff	2018-07-05	10	Nulla ac enim.	$586.53	education	50	18
693	http://dummyimage.com/221x222.jpg/ff4444/ffffff	2017-10-25	5	Praesent blandit lacinia erat. Vestibulum sed magna at nunc commodo placerat.	$357.57	education	58	9
694	http://dummyimage.com/142x193.jpg/dddddd/000000	2018-03-05	10	Nulla nisl.	$255.30	education	8	6
695	http://dummyimage.com/236x207.png/cc0000/ffffff	2018-05-03	5	Etiam faucibus cursus urna.	$258.65	education	99	20
696	http://dummyimage.com/102x158.bmp/cc0000/ffffff	2018-03-19	7	In eleifend quam a odio. In hac habitasse platea dictumst.	$196.42	education	77	4
697	http://dummyimage.com/108x105.png/cc0000/ffffff	2018-03-06	5	Maecenas tincidunt lacus at velit.	$308.56	education	34	17
698	http://dummyimage.com/133x165.jpg/5fa2dd/ffffff	2017-10-01	2	Curabitur at ipsum ac tellus semper interdum. Mauris ullamcorper purus sit amet nulla. Quisque arcu libero, rutrum ac, lobortis vel, dapibus at, diam.	$453.96	education	65	5
699	http://dummyimage.com/204x163.jpg/cc0000/ffffff	2017-05-30	6	Nulla facilisi.	$199.96	education	35	13
700	http://dummyimage.com/124x105.png/cc0000/ffffff	2017-11-03	7	Sed vel enim sit amet nunc viverra dapibus. Nulla suscipit ligula in lacus. Curabitur at ipsum ac tellus semper interdum.	$92.86	education	46	1
701	http://dummyimage.com/103x124.png/dddddd/000000	2018-01-04	7	Morbi a ipsum. Integer a nibh.	$808.62	education	80	16
702	http://dummyimage.com/250x229.bmp/dddddd/000000	2017-05-21	6	Nam nulla.	$165.95	education	21	14
704	http://dummyimage.com/236x188.bmp/5fa2dd/ffffff	2018-02-13	6	In quis justo. Maecenas rhoncus aliquam lacus.	$677.41	education	9	24
705	http://dummyimage.com/196x186.jpg/5fa2dd/ffffff	2018-03-04	6	Donec odio justo, sollicitudin ut, suscipit a, feugiat et, eros.	$106.76	education	77	7
706	http://dummyimage.com/214x161.jpg/dddddd/000000	2017-07-19	1	Duis consequat dui nec nisi volutpat eleifend.	$699.96	education	82	3
707	http://dummyimage.com/196x200.jpg/ff4444/ffffff	2017-05-30	7	Maecenas rhoncus aliquam lacus. Morbi quis tortor id nulla ultrices aliquet. Maecenas leo odio, condimentum id, luctus nec, molestie sed, justo.	$852.23	education	73	11
708	http://dummyimage.com/163x111.bmp/ff4444/ffffff	2018-04-20	2	Phasellus id sapien in sapien iaculis congue.	$251.76	education	81	12
709	http://dummyimage.com/126x240.png/cc0000/ffffff	2018-04-06	10	In hac habitasse platea dictumst. Etiam faucibus cursus urna.	$727.77	education	43	24
710	http://dummyimage.com/203x186.png/dddddd/000000	2017-10-26	4	Nullam porttitor lacus at turpis. Donec posuere metus vitae ipsum. Aliquam non mauris.	$1.24	education	59	21
711	http://dummyimage.com/146x130.bmp/5fa2dd/ffffff	2018-01-04	5	Duis ac nibh. Fusce lacus purus, aliquet at, feugiat non, pretium quis, lectus. Suspendisse potenti.	$593.09	education	50	16
712	http://dummyimage.com/148x185.jpg/ff4444/ffffff	2018-01-13	6	In hac habitasse platea dictumst. Maecenas ut massa quis augue luctus tincidunt. Nulla mollis molestie lorem.	$990.65	education	98	20
713	http://dummyimage.com/216x166.bmp/ff4444/ffffff	2017-12-01	5	Vivamus metus arcu, adipiscing molestie, hendrerit at, vulputate vitae, nisl. Aenean lectus.	$966.53	education	27	24
714	http://dummyimage.com/234x214.jpg/ff4444/ffffff	2018-05-05	2	Vestibulum ante ipsum primis in faucibus orci luctus et ultrices posuere cubilia Curae; Mauris viverra diam vitae quam.	$975.98	adventure	89	16
715	http://dummyimage.com/141x224.png/5fa2dd/ffffff	2018-05-21	3	Morbi non quam nec dui luctus rutrum. Nulla tellus.	$505.47	adventure	37	23
716	http://dummyimage.com/246x160.png/ff4444/ffffff	2018-07-07	10	Nullam orci pede, venenatis non, sodales sed, tincidunt eu, felis. Fusce posuere felis sed lacus.	$450.10	adventure	27	8
717	http://dummyimage.com/132x165.bmp/ff4444/ffffff	2017-07-15	9	Phasellus in felis. Donec semper sapien a libero.	$795.66	adventure	5	2
718	http://dummyimage.com/226x237.png/5fa2dd/ffffff	2018-04-24	8	Vestibulum sed magna at nunc commodo placerat.	$801.06	adventure	100	2
719	http://dummyimage.com/106x116.bmp/dddddd/000000	2018-02-10	7	Nullam varius.	$858.52	adventure	63	1
720	http://dummyimage.com/113x249.jpg/ff4444/ffffff	2018-06-07	9	Vestibulum quam sapien, varius ut, blandit non, interdum in, ante. Vestibulum ante ipsum primis in faucibus orci luctus et ultrices posuere cubilia Curae; Duis faucibus accumsan odio.	$737.14	adventure	57	20
721	http://dummyimage.com/151x197.png/ff4444/ffffff	2018-01-13	5	Aenean auctor gravida sem.	$708.14	adventure	50	16
722	http://dummyimage.com/203x235.jpg/5fa2dd/ffffff	2017-06-07	6	Morbi sem mauris, laoreet ut, rhoncus aliquet, pulvinar sed, nisl.	$420.80	adventure	25	10
723	http://dummyimage.com/240x167.png/dddddd/000000	2017-06-05	8	Nullam sit amet turpis elementum ligula vehicula consequat.	$664.50	adventure	81	23
724	http://dummyimage.com/220x119.jpg/dddddd/000000	2017-11-28	10	Quisque id justo sit amet sapien dignissim vestibulum.	$739.31	adventure	50	8
725	http://dummyimage.com/141x191.png/ff4444/ffffff	2018-01-11	7	Morbi odio odio, elementum eu, interdum eu, tincidunt in, leo.	$412.41	adventure	68	15
726	http://dummyimage.com/192x132.jpg/dddddd/000000	2018-05-22	6	Phasellus sit amet erat. Nulla tempus. Vivamus in felis eu sapien cursus vestibulum.	$131.96	adventure	34	22
727	http://dummyimage.com/149x244.png/5fa2dd/ffffff	2017-06-24	7	Duis consequat dui nec nisi volutpat eleifend.	$184.87	adventure	45	18
728	http://dummyimage.com/128x126.bmp/5fa2dd/ffffff	2017-09-24	10	Integer a nibh. In quis justo.	$728.77	adventure	26	16
729	http://dummyimage.com/135x208.bmp/ff4444/ffffff	2018-06-12	7	Aliquam non mauris. Morbi non lectus.	$269.37	adventure	41	13
730	http://dummyimage.com/245x185.bmp/5fa2dd/ffffff	2018-04-16	3	Pellentesque eget nunc. Donec quis orci eget orci vehicula condimentum.	$629.81	adventure	53	16
731	http://dummyimage.com/184x150.png/ff4444/ffffff	2017-07-31	4	Morbi quis tortor id nulla ultrices aliquet. Maecenas leo odio, condimentum id, luctus nec, molestie sed, justo.	$260.39	adventure	69	6
732	http://dummyimage.com/236x249.bmp/dddddd/000000	2017-08-23	7	Phasellus id sapien in sapien iaculis congue. Vivamus metus arcu, adipiscing molestie, hendrerit at, vulputate vitae, nisl.	$191.05	adventure	69	4
733	http://dummyimage.com/133x191.bmp/ff4444/ffffff	2017-08-15	4	Integer pede justo, lacinia eget, tincidunt eget, tempus vel, pede. Morbi porttitor lorem id ligula.	$910.01	adventure	12	13
734	http://dummyimage.com/151x126.png/5fa2dd/ffffff	2018-03-27	4	In hac habitasse platea dictumst. Etiam faucibus cursus urna.	$247.16	adventure	43	12
735	http://dummyimage.com/131x137.bmp/cc0000/ffffff	2017-08-27	5	Vestibulum ante ipsum primis in faucibus orci luctus et ultrices posuere cubilia Curae; Duis faucibus accumsan odio.	$702.46	adventure	48	22
736	http://dummyimage.com/126x217.png/cc0000/ffffff	2018-03-23	10	Donec ut dolor. Morbi vel lectus in quam fringilla rhoncus. Mauris enim leo, rhoncus sed, vestibulum sit amet, cursus id, turpis.	$811.64	adventure	45	9
737	http://dummyimage.com/239x166.jpg/ff4444/ffffff	2017-11-03	8	In hac habitasse platea dictumst. Aliquam augue quam, sollicitudin vitae, consectetuer eget, rutrum at, lorem. Integer tincidunt ante vel ipsum.	$764.28	adventure	100	11
738	http://dummyimage.com/187x215.png/dddddd/000000	2017-09-08	10	Cum sociis natoque penatibus et magnis dis parturient montes, nascetur ridiculus mus. Etiam vel augue.	$125.95	adventure	86	25
739	http://dummyimage.com/177x239.png/ff4444/ffffff	2018-05-01	4	Ut at dolor quis odio consequat varius. Integer ac leo. Pellentesque ultrices mattis odio.	$421.66	adventure	25	9
740	http://dummyimage.com/106x150.png/dddddd/000000	2017-12-25	2	Curabitur in libero ut massa volutpat convallis. Morbi odio odio, elementum eu, interdum eu, tincidunt in, leo.	$138.88	adventure	80	13
741	http://dummyimage.com/147x118.bmp/dddddd/000000	2018-02-12	2	Maecenas rhoncus aliquam lacus. Morbi quis tortor id nulla ultrices aliquet. Maecenas leo odio, condimentum id, luctus nec, molestie sed, justo.	$616.61	adventure	79	15
742	http://dummyimage.com/131x107.png/dddddd/000000	2018-04-16	7	Lorem ipsum dolor sit amet, consectetuer adipiscing elit.	$574.72	adventure	45	13
743	http://dummyimage.com/201x222.jpg/dddddd/000000	2017-08-14	10	Vivamus vestibulum sagittis sapien. Cum sociis natoque penatibus et magnis dis parturient montes, nascetur ridiculus mus.	$477.26	adventure	59	13
744	http://dummyimage.com/245x224.jpg/dddddd/000000	2017-11-11	7	Fusce consequat. Nulla nisl. Nunc nisl.	$454.26	adventure	10	13
745	http://dummyimage.com/173x179.bmp/dddddd/000000	2018-01-17	1	Aenean fermentum.	$227.04	adventure	3	25
746	http://dummyimage.com/234x193.jpg/ff4444/ffffff	2017-07-06	1	Mauris sit amet eros. Suspendisse accumsan tortor quis turpis. Sed ante.	$998.42	adventure	86	13
747	http://dummyimage.com/138x169.bmp/ff4444/ffffff	2018-06-12	2	Sed accumsan felis. Ut at dolor quis odio consequat varius. Integer ac leo.	$459.11	adventure	58	6
748	http://dummyimage.com/195x111.jpg/dddddd/000000	2017-06-09	2	Ut at dolor quis odio consequat varius.	$495.17	adventure	16	13
749	http://dummyimage.com/138x186.bmp/dddddd/000000	2018-03-25	1	Quisque id justo sit amet sapien dignissim vestibulum.	$149.67	adventure	100	1
750	http://dummyimage.com/102x141.jpg/cc0000/ffffff	2017-06-17	3	Vivamus tortor.	$976.79	adventure	35	16
751	http://dummyimage.com/184x115.bmp/cc0000/ffffff	2018-05-20	4	Maecenas leo odio, condimentum id, luctus nec, molestie sed, justo.	$587.74	adventure	11	15
752	http://dummyimage.com/176x141.jpg/5fa2dd/ffffff	2017-11-22	5	Pellentesque eget nunc. Donec quis orci eget orci vehicula condimentum. Curabitur in libero ut massa volutpat convallis.	$586.75	adventure	53	22
753	http://dummyimage.com/161x114.bmp/ff4444/ffffff	2018-06-15	9	Nulla nisl.	$4.13	adventure	27	18
754	http://dummyimage.com/206x133.bmp/5fa2dd/ffffff	2018-03-06	2	Nam dui. Proin leo odio, porttitor id, consequat in, consequat ut, nulla. Sed accumsan felis.	$320.41	adventure	96	18
755	http://dummyimage.com/168x172.bmp/dddddd/000000	2017-09-05	2	Proin risus.	$240.61	adventure	94	19
756	http://dummyimage.com/220x236.bmp/ff4444/ffffff	2017-08-26	2	Pellentesque viverra pede ac diam. Cras pellentesque volutpat dui.	$565.63	adventure	41	24
757	http://dummyimage.com/202x197.bmp/cc0000/ffffff	2017-07-06	8	Vivamus vel nulla eget eros elementum pellentesque. Quisque porta volutpat erat.	$9.39	adventure	5	4
758	http://dummyimage.com/146x132.bmp/5fa2dd/ffffff	2018-03-08	10	Ut at dolor quis odio consequat varius. Integer ac leo.	$965.74	adventure	38	4
759	http://dummyimage.com/192x115.png/ff4444/ffffff	2018-02-23	7	Maecenas ut massa quis augue luctus tincidunt. Nulla mollis molestie lorem. Quisque ut erat.	$412.13	adventure	94	20
760	http://dummyimage.com/230x191.bmp/dddddd/000000	2018-03-02	7	Fusce congue, diam id ornare imperdiet, sapien urna pretium nisl, ut volutpat sapien arcu sed augue. Aliquam erat volutpat. In congue.	$432.87	adventure	100	7
761	http://dummyimage.com/142x126.png/5fa2dd/ffffff	2018-04-13	3	Maecenas leo odio, condimentum id, luctus nec, molestie sed, justo. Pellentesque viverra pede ac diam.	$140.26	adventure	54	8
762	http://dummyimage.com/182x128.jpg/cc0000/ffffff	2017-06-01	3	Quisque arcu libero, rutrum ac, lobortis vel, dapibus at, diam.	$797.65	adventure	16	24
763	http://dummyimage.com/250x184.jpg/dddddd/000000	2018-05-10	4	Nam congue, risus semper porta volutpat, quam pede lobortis ligula, sit amet eleifend pede libero quis orci.	$617.54	adventure	96	22
764	http://dummyimage.com/233x243.bmp/ff4444/ffffff	2018-04-29	4	Aenean fermentum. Donec ut mauris eget massa tempor convallis. Nulla neque libero, convallis eget, eleifend luctus, ultricies eu, nibh.	$173.59	adventure	44	20
765	http://dummyimage.com/159x112.jpg/5fa2dd/ffffff	2018-03-06	8	Fusce lacus purus, aliquet at, feugiat non, pretium quis, lectus.	$757.10	adventure	92	23
766	http://dummyimage.com/143x221.jpg/5fa2dd/ffffff	2017-05-21	10	Donec quis orci eget orci vehicula condimentum. Curabitur in libero ut massa volutpat convallis.	$324.30	adventure	67	10
767	http://dummyimage.com/217x233.jpg/cc0000/ffffff	2017-11-20	6	Curabitur at ipsum ac tellus semper interdum. Mauris ullamcorper purus sit amet nulla. Quisque arcu libero, rutrum ac, lobortis vel, dapibus at, diam.	$784.54	adventure	47	23
768	http://dummyimage.com/233x188.bmp/cc0000/ffffff	2018-01-16	10	Morbi a ipsum. Integer a nibh.	$234.78	adventure	90	24
769	http://dummyimage.com/152x177.png/dddddd/000000	2018-02-27	4	Vestibulum ante ipsum primis in faucibus orci luctus et ultrices posuere cubilia Curae; Nulla dapibus dolor vel est.	$342.76	adventure	7	21
770	http://dummyimage.com/159x227.jpg/ff4444/ffffff	2017-07-29	2	Cum sociis natoque penatibus et magnis dis parturient montes, nascetur ridiculus mus. Vivamus vestibulum sagittis sapien.	$898.97	adventure	97	24
771	http://dummyimage.com/207x101.jpg/5fa2dd/ffffff	2017-06-21	3	Suspendisse accumsan tortor quis turpis. Sed ante.	$482.90	adventure	14	19
772	http://dummyimage.com/152x178.bmp/ff4444/ffffff	2017-08-21	6	Quisque ut erat. Curabitur gravida nisi at nibh. In hac habitasse platea dictumst.	$441.51	adventure	53	14
773	http://dummyimage.com/138x229.png/cc0000/ffffff	2017-12-06	10	Donec quis orci eget orci vehicula condimentum. Curabitur in libero ut massa volutpat convallis.	$703.60	adventure	52	19
774	http://dummyimage.com/224x116.jpg/ff4444/ffffff	2018-01-04	4	Nullam orci pede, venenatis non, sodales sed, tincidunt eu, felis. Fusce posuere felis sed lacus. Morbi sem mauris, laoreet ut, rhoncus aliquet, pulvinar sed, nisl.	$528.95	adventure	98	7
775	http://dummyimage.com/138x189.bmp/ff4444/ffffff	2018-06-10	8	Nulla tellus. In sagittis dui vel nisl.	$249.60	adventure	91	21
776	http://dummyimage.com/169x186.bmp/5fa2dd/ffffff	2018-04-21	2	Pellentesque at nulla. Suspendisse potenti.	$652.05	adventure	64	6
777	http://dummyimage.com/131x184.jpg/dddddd/000000	2018-03-21	2	Aliquam sit amet diam in magna bibendum imperdiet.	$832.26	adventure	55	16
778	http://dummyimage.com/103x223.png/cc0000/ffffff	2018-01-22	1	Maecenas leo odio, condimentum id, luctus nec, molestie sed, justo.	$133.44	adventure	40	22
779	http://dummyimage.com/217x245.png/cc0000/ffffff	2018-03-23	7	Quisque erat eros, viverra eget, congue eget, semper rutrum, nulla. Nunc purus.	$918.23	adventure	88	21
780	http://dummyimage.com/198x149.bmp/ff4444/ffffff	2018-02-20	9	Etiam faucibus cursus urna.	$790.33	adventure	95	3
781	http://dummyimage.com/151x127.jpg/ff4444/ffffff	2018-06-06	2	Integer ac neque.	$384.74	adventure	4	11
782	http://dummyimage.com/110x175.png/cc0000/ffffff	2017-08-05	3	In congue. Etiam justo. Etiam pretium iaculis justo.	$975.13	adventure	46	10
783	http://dummyimage.com/115x182.jpg/dddddd/000000	2017-12-31	7	Nunc purus. Phasellus in felis. Donec semper sapien a libero.	$919.13	adventure	67	10
784	http://dummyimage.com/140x189.png/ff4444/ffffff	2018-01-03	9	Maecenas tristique, est et tempus semper, est quam pharetra magna, ac consequat metus sapien ut nunc. Suspendisse potenti.	$803.34	adventure	64	1
785	http://dummyimage.com/132x181.bmp/dddddd/000000	2018-06-01	4	Vestibulum quam sapien, varius ut, blandit non, interdum in, ante. Vestibulum ante ipsum primis in faucibus orci luctus Curabitur convallis.	$822.47	adventure	27	5
786	http://dummyimage.com/247x241.bmp/ff4444/ffffff	2017-09-03	5	Nulla ut erat id mauris vulputate elementum.	$862.35	adventure	9	7
787	http://dummyimage.com/235x139.jpg/ff4444/ffffff	2018-02-17	3	Aliquam augue quam, sollicitudin vitae, consectetuer eget, rutrum at, lorem.	$952.47	adventure	40	21
788	http://dummyimage.com/182x224.png/cc0000/ffffff	2018-07-01	6	In tempor, turpis nec euismod scelerisque, quam turpis adipiscing lorem, vitae mattis nibh ligula nec sem. Duis aliquam convallis nunc.	$654.44	adventure	83	23
789	http://dummyimage.com/243x125.bmp/5fa2dd/ffffff	2018-07-07	3	Nulla mollis molestie lorem.	$432.75	adventure	31	13
790	http://dummyimage.com/118x174.png/ff4444/ffffff	2017-09-21	7	In est risus, auctor sed, tristique in, tempus sit amet, sem. Fusce consequat.	$761.57	adventure	12	6
791	http://dummyimage.com/152x120.jpg/cc0000/ffffff	2018-05-02	10	Nam nulla.	$528.84	adventure	53	5
792	http://dummyimage.com/198x180.jpg/5fa2dd/ffffff	2017-09-20	5	Etiam justo. Etiam pretium iaculis justo. In hac habitasse platea dictumst.	$775.36	adventure	80	16
793	http://dummyimage.com/182x230.png/5fa2dd/ffffff	2017-10-30	5	Nulla justo. Aliquam quis turpis eget elit sodales scelerisque.	$606.85	adventure	38	20
794	http://dummyimage.com/228x164.png/5fa2dd/ffffff	2017-08-30	9	Suspendisse potenti. Nullam porttitor lacus at turpis.	$904.33	adventure	46	4
795	http://dummyimage.com/133x146.bmp/ff4444/ffffff	2017-10-01	3	Cras non velit nec nisi vulputate nonummy.	$204.10	adventure	9	22
796	http://dummyimage.com/171x250.bmp/ff4444/ffffff	2017-06-03	8	In blandit ultrices enim.	$690.68	adventure	60	1
797	http://dummyimage.com/131x190.png/cc0000/ffffff	2017-05-10	2	Pellentesque at nulla.	$167.09	adventure	62	18
798	http://dummyimage.com/171x177.bmp/cc0000/ffffff	2018-05-08	9	Nam nulla. Integer pede justo, lacinia eget, tincidunt eget, tempus vel, pede.	$431.09	adventure	34	19
799	http://dummyimage.com/242x113.bmp/cc0000/ffffff	2018-06-07	7	Fusce congue, diam id ornare imperdiet, sapien urna pretium nisl, ut volutpat sapien arcu sed augue. Aliquam erat volutpat.	$59.69	adventure	72	2
800	http://dummyimage.com/139x239.jpg/5fa2dd/ffffff	2017-12-31	4	Duis at velit eu est congue elementum. In hac habitasse platea dictumst. Morbi vestibulum, velit id pretium iaculis, diam erat fermentum justo, nec condimentum neque sapien placerat ante.	$584.43	adventure	7	20
801	http://dummyimage.com/210x166.bmp/ff4444/ffffff	2017-12-15	2	In quis justo.	$867.45	adventure	11	20
802	http://dummyimage.com/236x129.jpg/dddddd/000000	2017-11-09	1	Lorem ipsum dolor sit amet, consectetuer adipiscing elit. Proin risus.	$399.81	adventure	63	2
803	http://dummyimage.com/109x129.bmp/dddddd/000000	2017-05-26	4	Mauris sit amet eros.	$691.26	adventure	33	7
804	http://dummyimage.com/212x246.png/cc0000/ffffff	2018-05-31	8	Proin eu mi. Nulla ac enim. In tempor, turpis nec euismod scelerisque, quam turpis adipiscing lorem, vitae mattis nibh ligula nec sem.	$316.82	adventure	21	11
805	http://dummyimage.com/131x189.png/5fa2dd/ffffff	2017-11-13	3	Donec ut mauris eget massa tempor convallis. Nulla neque libero, convallis eget, eleifend luctus, ultricies eu, nibh. Quisque id justo sit amet sapien dignissim vestibulum.	$351.97	adventure	95	15
806	http://dummyimage.com/215x216.png/ff4444/ffffff	2017-06-11	2	Donec quis orci eget orci vehicula condimentum. Curabitur in libero ut massa volutpat convallis. Morbi odio odio, elementum eu, interdum eu, tincidunt in, leo.	$586.41	adventure	3	17
807	http://dummyimage.com/209x208.bmp/dddddd/000000	2018-04-17	6	Proin at turpis a pede posuere nonummy.	$403.42	adventure	86	17
808	http://dummyimage.com/159x140.png/cc0000/ffffff	2017-05-29	4	Aliquam erat volutpat. In congue. Etiam justo.	$588.59	adventure	91	15
809	http://dummyimage.com/102x212.jpg/dddddd/000000	2017-11-02	7	Cras in purus eu magna vulputate luctus. Cum sociis natoque penatibus et magnis dis parturient montes, nascetur ridiculus mus.	$851.20	cultural	5	4
810	http://dummyimage.com/231x172.png/ff4444/ffffff	2017-08-13	2	Duis bibendum, felis sed interdum venenatis, turpis enim blandit mi, in porttitor pede justo eu massa. Donec dapibus.	$956.39	cultural	55	13
811	http://dummyimage.com/212x208.jpg/cc0000/ffffff	2017-05-24	2	Maecenas rhoncus aliquam lacus. Morbi quis tortor id nulla ultrices aliquet.	$347.24	cultural	71	3
812	http://dummyimage.com/207x235.bmp/cc0000/ffffff	2018-05-07	10	Vestibulum ante ipsum primis in faucibus orci luctus et ultrices posuere cubilia Curae; Duis faucibus accumsan odio.	$306.91	cultural	81	9
813	http://dummyimage.com/226x178.png/cc0000/ffffff	2018-04-03	4	Nullam molestie nibh in lectus. Pellentesque at nulla. Suspendisse potenti.	$743.72	cultural	30	6
814	http://dummyimage.com/185x171.jpg/cc0000/ffffff	2017-10-11	8	Vestibulum ante ipsum primis in faucibus orci luctus et ultrices posuere cubilia Curae; Duis faucibus accumsan odio. Curabitur convallis.	$911.88	cultural	76	19
815	http://dummyimage.com/140x163.bmp/5fa2dd/ffffff	2017-12-24	8	Praesent blandit lacinia erat. Vestibulum sed magna at nunc commodo placerat.	$920.71	cultural	54	20
816	http://dummyimage.com/135x215.jpg/5fa2dd/ffffff	2018-05-12	10	Morbi non quam nec dui luctus rutrum.	$307.55	cultural	85	11
817	http://dummyimage.com/205x147.jpg/5fa2dd/ffffff	2017-08-29	4	Fusce posuere felis sed lacus. Morbi sem mauris, laoreet ut, rhoncus aliquet, pulvinar sed, nisl.	$523.24	cultural	50	20
818	http://dummyimage.com/100x182.jpg/5fa2dd/ffffff	2018-02-12	3	Nam ultrices, libero non mattis pulvinar, nulla pede ullamcorper augue, a suscipit nulla elit ac nulla.	$973.18	cultural	92	2
819	http://dummyimage.com/100x151.jpg/5fa2dd/ffffff	2017-11-13	2	Nullam porttitor lacus at turpis. Donec posuere metus vitae ipsum.	$52.52	cultural	91	25
820	http://dummyimage.com/150x167.jpg/dddddd/000000	2017-09-25	10	Nam congue, risus semper porta volutpat, quam pede lobortis ligula, sit amet eleifend pede libero quis orci. Nullam molestie nibh in lectus. Pellentesque at nulla.	$787.40	cultural	58	7
821	http://dummyimage.com/138x101.png/dddddd/000000	2017-08-13	3	Proin risus. Praesent lectus. Vestibulum quam sapien, varius ut, blandit non, interdum in, ante.	$999.75	cultural	90	11
822	http://dummyimage.com/236x239.bmp/5fa2dd/ffffff	2018-01-22	2	Nam ultrices, libero non mattis pulvinar, nulla pede ullamcorper augue, a suscipit nulla elit ac nulla. Sed vel enim sit amet nunc viverra dapibus.	$392.92	cultural	90	1
823	http://dummyimage.com/186x139.png/ff4444/ffffff	2018-03-13	1	Nulla nisl.	$777.13	cultural	54	16
824	http://dummyimage.com/138x190.png/5fa2dd/ffffff	2018-05-23	5	Quisque arcu libero, rutrum ac, lobortis vel, dapibus at, diam.	$378.76	cultural	13	20
825	http://dummyimage.com/118x230.bmp/dddddd/000000	2017-05-12	10	Quisque porta volutpat erat.	$5.53	cultural	16	6
826	http://dummyimage.com/189x158.bmp/ff4444/ffffff	2018-04-18	7	Etiam faucibus cursus urna.	$853.64	cultural	68	16
827	http://dummyimage.com/120x218.jpg/5fa2dd/ffffff	2018-06-03	8	Donec semper sapien a libero. Nam dui. Proin leo odio, porttitor id, consequat in, consequat ut, nulla.	$100.04	cultural	48	3
828	http://dummyimage.com/213x173.bmp/dddddd/000000	2017-07-21	6	Duis bibendum.	$935.96	cultural	13	3
829	http://dummyimage.com/160x143.png/dddddd/000000	2018-01-02	2	Donec quis orci eget orci vehicula condimentum.	$526.09	cultural	42	9
830	http://dummyimage.com/244x137.jpg/5fa2dd/ffffff	2018-03-18	10	Phasellus id sapien in sapien iaculis congue. Vivamus metus arcu, adipiscing molestie, hendrerit at, vulputate vitae, nisl. Aenean lectus.	$613.43	cultural	51	22
831	http://dummyimage.com/192x205.bmp/5fa2dd/ffffff	2017-10-31	6	Nulla nisl.	$117.57	cultural	5	15
832	http://dummyimage.com/131x126.png/dddddd/000000	2017-12-01	9	Morbi vel lectus in quam fringilla rhoncus.	$840.53	cultural	83	9
833	http://dummyimage.com/174x107.bmp/ff4444/ffffff	2018-06-18	6	Fusce congue, diam id ornare imperdiet, sapien urna pretium nisl, ut volutpat sapien arcu sed augue. Aliquam erat volutpat.	$104.62	cultural	38	21
834	http://dummyimage.com/231x231.jpg/dddddd/000000	2017-05-14	3	Vestibulum quam sapien, varius ut, blandit non, interdum in, ante. Vestibulum ante ipsum primis in faucibus orci luctus et ultrices posuere cubilia Curae; Duis faucibus accumsan odio.	$43.18	cultural	17	7
835	http://dummyimage.com/121x163.jpg/dddddd/000000	2018-06-05	5	Proin at turpis a pede posuere nonummy. Integer non velit.	$213.08	cultural	19	11
836	http://dummyimage.com/174x215.png/ff4444/ffffff	2018-01-26	2	Praesent id massa id nisl venenatis lacinia.	$152.10	cultural	68	9
837	http://dummyimage.com/208x248.png/ff4444/ffffff	2018-03-12	2	Vivamus metus arcu, adipiscing molestie, hendrerit at, vulputate vitae, nisl.	$677.06	cultural	57	5
838	http://dummyimage.com/213x165.jpg/cc0000/ffffff	2017-10-22	1	Suspendisse accumsan tortor quis turpis.	$395.00	cultural	58	21
839	http://dummyimage.com/226x250.jpg/dddddd/000000	2018-07-02	3	Vivamus tortor.	$166.91	cultural	79	5
840	http://dummyimage.com/177x167.bmp/5fa2dd/ffffff	2018-04-15	6	Donec diam neque, vestibulum eget, vulputate ut, ultrices vel, augue. Vestibulum ante ipsum prim erat tortor sollicitudin mi, sit amet lobortis sapien sapien non mi.	$806.84	cultural	50	10
841	http://dummyimage.com/243x171.png/cc0000/ffffff	2017-07-30	7	Nullam varius. Nulla facilisi. Cras non velit nec nisi vulputate nonummy.	$827.53	cultural	99	12
842	http://dummyimage.com/140x172.png/cc0000/ffffff	2017-12-31	9	Suspendisse potenti. In eleifend quam a odio.	$858.20	cultural	69	25
843	http://dummyimage.com/142x181.jpg/cc0000/ffffff	2017-07-03	9	Proin leo odio, porttitor id, consequat in, consequat ut, nulla. Sed accumsan felis.	$308.99	cultural	59	21
844	http://dummyimage.com/174x250.bmp/cc0000/ffffff	2017-10-06	10	Maecenas tincidunt lacus at velit. Vivamus vel nulla eget eros elementum pellentesque. Quisque porta volutpat erat.	$542.01	cultural	60	3
845	http://dummyimage.com/152x212.png/ff4444/ffffff	2017-09-08	7	Pellentesque eget nunc. Donec quis orci eget orci vehicula condimentum. Curabitur in libero ut massa volutpat convallis.	$383.04	cultural	47	4
846	http://dummyimage.com/237x228.jpg/cc0000/ffffff	2018-05-24	1	Nam congue, risus semper porta volutpat, quam pede lobortis ligula, sit amet eleifend pede libero quis orci. Nullam molestie nibh in lectus.	$110.55	cultural	63	23
847	http://dummyimage.com/188x190.bmp/5fa2dd/ffffff	2017-12-03	1	Etiam pretium iaculis justo.	$818.27	cultural	40	6
848	http://dummyimage.com/155x185.png/5fa2dd/ffffff	2018-02-24	6	Nam ultrices, libero non mattis pulvinar, nulla pede ullamcorper augue, a suscipit nulla elit ac nulla.	$151.20	cultural	3	19
849	http://dummyimage.com/183x164.bmp/dddddd/000000	2018-06-19	9	In blandit ultrices enim. Lorem ipsum dolor sit amet, consectetuer adipiscing elit. Proin interdum mauris non ligula pellentesque ultrices.	$600.37	cultural	68	10
850	http://dummyimage.com/143x244.bmp/cc0000/ffffff	2017-11-05	1	Maecenas tristique, est et tempus semper, est quam pharetra magna, ac consequat metus sapien ut nunc.	$59.51	cultural	89	8
851	http://dummyimage.com/242x160.png/dddddd/000000	2017-07-23	2	Vestibulum ante ipsum primis in faucibus orci luctus et ultrices posuere cubilia Curae; Nulla dapibus dolor vel est.	$443.65	cultural	22	23
852	http://dummyimage.com/227x106.bmp/5fa2dd/ffffff	2018-03-15	7	Curabitur convallis. Duis consequat dui nec nisi volutpat eleifend.	$857.58	cultural	88	8
853	http://dummyimage.com/206x161.png/ff4444/ffffff	2017-07-14	3	Suspendisse potenti. Cras in purus eu magna vulputate luctus.	$189.12	cultural	72	2
854	http://dummyimage.com/123x242.bmp/ff4444/ffffff	2018-03-08	4	Mauris ullamcorper purus sit amet nulla. Quisque arcu libero, rutrum ac, lobortis vel, dapibus at, diam. Nam tristique tortor eu pede.	$741.27	cultural	100	23
855	http://dummyimage.com/248x158.png/5fa2dd/ffffff	2017-07-31	3	Sed accumsan felis.	$324.88	cultural	40	17
856	http://dummyimage.com/217x203.bmp/ff4444/ffffff	2017-07-26	2	In blandit ultrices enim. Lorem ipsum dolor sit amet, consectetuer adipiscing elit.	$39.52	cultural	95	5
857	http://dummyimage.com/242x233.bmp/5fa2dd/ffffff	2018-03-07	10	Suspendisse ornare consequat lectus.	$330.07	cultural	87	16
858	http://dummyimage.com/112x240.png/cc0000/ffffff	2017-08-08	1	Cras in purus eu magna vulputate luctus.	$242.98	cultural	92	11
859	http://dummyimage.com/199x246.bmp/dddddd/000000	2018-03-31	7	Phasellus id sapien in sapien iaculis congue. Vivamus metus arcu, adipiscing molestie, hendrerit at, vulputate vitae, nisl. Aenean lectus.	$817.06	cultural	36	18
860	http://dummyimage.com/215x112.bmp/dddddd/000000	2017-09-25	7	Curabitur at ipsum ac tellus semper interdum.	$730.96	cultural	76	14
861	http://dummyimage.com/239x231.bmp/5fa2dd/ffffff	2018-05-28	10	Morbi non quam nec dui luctus rutrum. Nulla tellus. In sagittis dui vel nisl.	$977.16	cultural	66	16
862	http://dummyimage.com/229x105.jpg/5fa2dd/ffffff	2017-06-24	3	Cras in purus eu magna vulputate luctus. Cum sociis natoque penatibus et magnis dis parturient montes, nascetur ridiculus mus.	$922.11	cultural	77	4
863	http://dummyimage.com/198x108.png/5fa2dd/ffffff	2017-12-01	7	Nullam orci pede, venenatis non, sodales sed, tincidunt eu, felis. Fusce posuere felis sed lacus.	$913.98	cultural	42	18
864	http://dummyimage.com/236x245.bmp/cc0000/ffffff	2017-07-06	1	Curabitur at ipsum ac tellus semper interdum. Mauris ullamcorper purus sit amet nulla.	$52.36	cultural	57	5
865	http://dummyimage.com/190x155.bmp/cc0000/ffffff	2017-12-28	8	In hac habitasse platea dictumst. Morbi vestibulum, velit id pretium iaculis, diam erat fermentum justo, nec condimentum neque sapien placerat ante.	$280.76	cultural	2	4
866	http://dummyimage.com/135x125.png/cc0000/ffffff	2018-05-21	10	In eleifend quam a odio. In hac habitasse platea dictumst.	$753.88	cultural	84	5
867	http://dummyimage.com/220x193.png/cc0000/ffffff	2018-02-03	9	Curabitur at ipsum ac tellus semper interdum. Mauris ullamcorper purus sit amet nulla. Quisque arcu libero, rutrum ac, lobortis vel, dapibus at, diam.	$784.09	cultural	78	19
868	http://dummyimage.com/207x158.bmp/dddddd/000000	2018-03-29	2	Praesent blandit. Nam nulla. Integer pede justo, lacinia eget, tincidunt eget, tempus vel, pede.	$628.62	cultural	81	14
869	http://dummyimage.com/157x230.bmp/dddddd/000000	2018-01-20	5	Aenean lectus.	$235.51	cultural	21	1
870	http://dummyimage.com/115x133.bmp/cc0000/ffffff	2018-04-22	5	Praesent lectus. Vestibulum quam sapien, varius ut, blandit non, interdum in, ante.	$689.62	cultural	46	19
871	http://dummyimage.com/228x219.png/cc0000/ffffff	2017-10-30	7	Nulla ut erat id mauris vulputate elementum. Nullam varius. Nulla facilisi.	$805.81	cultural	50	24
872	http://dummyimage.com/133x197.bmp/cc0000/ffffff	2017-06-07	7	Integer ac leo.	$481.12	cultural	56	18
873	http://dummyimage.com/244x155.png/cc0000/ffffff	2017-07-01	2	Quisque id justo sit amet sapien dignissim vestibulum. Vestibulum ante ipsum primis in faucibus orci luctus et ultrices posuere cubilia Curae; Nulla dapibus dolor vel est.	$790.30	cultural	96	16
874	http://dummyimage.com/210x224.jpg/ff4444/ffffff	2017-07-24	7	In hac habitasse platea dictumst.	$37.87	cultural	66	12
875	http://dummyimage.com/213x112.jpg/5fa2dd/ffffff	2017-12-11	8	Mauris ullamcorper purus sit amet nulla.	$127.91	cultural	91	10
876	http://dummyimage.com/227x155.jpg/ff4444/ffffff	2018-02-11	4	Maecenas leo odio, condimentum id, luctus nec, molestie sed, justo. Pellentesque viverra pede ac diam. Cras pellentesque volutpat dui.	$751.81	cultural	68	3
877	http://dummyimage.com/148x193.png/5fa2dd/ffffff	2017-07-29	3	Etiam pretium iaculis justo. In hac habitasse platea dictumst. Etiam faucibus cursus urna.	$712.82	cultural	60	10
878	http://dummyimage.com/185x246.jpg/cc0000/ffffff	2018-04-01	9	Quisque porta volutpat erat. Quisque erat eros, viverra eget, congue eget, semper rutrum, nulla. Nunc purus.	$328.81	cultural	78	9
879	http://dummyimage.com/146x205.png/dddddd/000000	2017-11-24	9	Vestibulum sed magna at nunc commodo placerat. Praesent blandit. Nam nulla.	$8.22	cultural	62	25
880	http://dummyimage.com/152x249.bmp/5fa2dd/ffffff	2017-07-24	1	Quisque porta volutpat erat. Quisque erat eros, viverra eget, congue eget, semper rutrum, nulla. Nunc purus.	$934.06	cultural	11	13
881	http://dummyimage.com/239x146.png/dddddd/000000	2017-09-14	5	Donec quis orci eget orci vehicula condimentum. Curabitur in libero ut massa volutpat convallis. Morbi odio odio, elementum eu, interdum eu, tincidunt in, leo.	$426.77	cultural	32	18
882	http://dummyimage.com/176x201.png/dddddd/000000	2018-01-14	6	Aliquam sit amet diam in magna bibendum imperdiet.	$900.21	cultural	28	19
883	http://dummyimage.com/250x166.png/dddddd/000000	2017-12-10	2	Nullam porttitor lacus at turpis.	$575.14	cultural	74	12
884	http://dummyimage.com/101x211.bmp/5fa2dd/ffffff	2017-10-29	4	Pellentesque at nulla. Suspendisse potenti. Cras in purus eu magna vulputate luctus.	$30.06	cultural	52	6
885	http://dummyimage.com/243x243.png/cc0000/ffffff	2018-05-08	2	In eleifend quam a odio.	$29.90	cultural	73	23
886	http://dummyimage.com/210x110.png/dddddd/000000	2017-10-26	1	Suspendisse ornare consequat lectus. In est risus, auctor sed, tristique in, tempus sit amet, sem. Fusce consequat.	$536.65	cultural	33	24
887	http://dummyimage.com/213x116.jpg/ff4444/ffffff	2017-12-08	1	Proin interdum mauris non ligula pellentesque ultrices.	$14.44	cultural	72	24
888	http://dummyimage.com/156x171.png/dddddd/000000	2017-06-02	10	Mauris ullamcorper purus sit amet nulla.	$768.92	cultural	35	23
889	http://dummyimage.com/186x207.jpg/dddddd/000000	2018-02-05	1	Cras in purus eu magna vulputate luctus.	$325.86	cultural	29	3
890	http://dummyimage.com/129x150.png/ff4444/ffffff	2018-06-26	8	Nullam molestie nibh in lectus. Pellentesque at nulla.	$174.36	cultural	23	11
891	http://dummyimage.com/178x143.jpg/5fa2dd/ffffff	2018-05-21	7	In hac habitasse platea dictumst. Maecenas ut massa quis augue luctus tincidunt. Nulla mollis molestie lorem.	$80.83	cultural	71	8
892	http://dummyimage.com/152x114.png/ff4444/ffffff	2018-01-20	10	Integer tincidunt ante vel ipsum. Praesent blandit lacinia erat.	$225.63	cultural	99	24
893	http://dummyimage.com/129x245.bmp/dddddd/000000	2017-10-25	7	Aliquam quis turpis eget elit sodales scelerisque. Mauris sit amet eros.	$169.78	cultural	28	22
894	http://dummyimage.com/161x146.bmp/ff4444/ffffff	2018-04-30	10	Integer non velit. Donec diam neque, vestibulum eget, vulputate ut, ultrices vel, augue.	$358.76	cultural	33	2
895	http://dummyimage.com/244x123.bmp/dddddd/000000	2017-11-09	3	In est risus, auctor sed, tristique in, tempus sit amet, sem. Fusce consequat. Nulla nisl.	$269.85	cultural	21	9
896	http://dummyimage.com/170x156.bmp/5fa2dd/ffffff	2018-02-07	4	Aliquam quis turpis eget elit sodales scelerisque.	$115.78	cultural	54	24
897	http://dummyimage.com/232x171.png/cc0000/ffffff	2018-03-19	5	Proin interdum mauris non ligula pellentesque ultrices. Phasellus id sapien in sapien iaculis congue. Vivamus metus arcu, adipiscing molestie, hendrerit at, vulputate vitae, nisl.	$214.54	cultural	48	19
898	http://dummyimage.com/108x135.jpg/ff4444/ffffff	2017-12-30	8	Morbi sem mauris, laoreet ut, rhoncus aliquet, pulvinar sed, nisl.	$30.47	cultural	54	18
899	http://dummyimage.com/222x122.jpg/dddddd/000000	2018-03-23	6	Quisque porta volutpat erat. Quisque erat eros, viverra eget, congue eget, semper rutrum, nulla. Nunc purus.	$679.53	cultural	73	5
900	http://dummyimage.com/201x111.jpg/dddddd/000000	2017-11-28	6	Mauris ullamcorper purus sit amet nulla.	$686.47	cultural	20	24
901	http://dummyimage.com/235x194.bmp/dddddd/000000	2018-01-30	1	Mauris ullamcorper purus sit amet nulla. Quisque arcu libero, rutrum ac, lobortis vel, dapibus at, diam. Nam tristique tortor eu pede.	$267.64	cultural	37	18
902	http://dummyimage.com/114x112.jpg/5fa2dd/ffffff	2018-04-01	7	Mauris ullamcorper purus sit amet nulla.	$835.34	cultural	73	4
903	http://dummyimage.com/227x124.bmp/cc0000/ffffff	2018-04-14	4	Proin leo odio, porttitor id, consequat in, consequat ut, nulla. Sed accumsan felis.	$366.59	cultural	37	17
904	http://dummyimage.com/174x122.bmp/ff4444/ffffff	2017-08-29	8	In quis justo. Maecenas rhoncus aliquam lacus. Morbi quis tortor id nulla ultrices aliquet.	$36.65	cultural	56	6
905	http://dummyimage.com/157x134.jpg/5fa2dd/ffffff	2017-10-29	8	Pellentesque viverra pede ac diam. Cras pellentesque volutpat dui.	$696.17	cultural	89	22
906	http://dummyimage.com/241x133.bmp/cc0000/ffffff	2017-11-20	4	Nam tristique tortor eu pede.	$576.01	cultural	61	9
907	http://dummyimage.com/114x210.png/cc0000/ffffff	2018-06-23	9	Nulla tempus. Vivamus in felis eu sapien cursus vestibulum.	$940.28	cultural	57	21
908	http://dummyimage.com/109x115.png/ff4444/ffffff	2018-05-24	1	Aliquam non mauris. Morbi non lectus.	$576.46	cultural	50	12
909	http://dummyimage.com/107x238.png/cc0000/ffffff	2018-06-08	1	Praesent blandit.	$202.43	cultural	88	19
910	http://dummyimage.com/147x235.jpg/cc0000/ffffff	2017-12-15	2	Morbi odio odio, elementum eu, interdum eu, tincidunt in, leo. Maecenas pulvinar lobortis est.	$981.48	cultural	27	5
911	http://dummyimage.com/190x163.jpg/5fa2dd/ffffff	2018-05-02	6	Ut tellus. Nulla ut erat id mauris vulputate elementum.	$387.92	cultural	66	21
912	http://dummyimage.com/114x231.bmp/ff4444/ffffff	2017-08-05	6	Cras mi pede, malesuada in, imperdiet et, commodo vulputate, justo. In blandit ultrices enim. Lorem ipsum dolor sit amet, consectetuer adipiscing elit.	$149.76	cultural	11	8
913	http://dummyimage.com/155x114.jpg/5fa2dd/ffffff	2017-08-08	3	Aenean fermentum.	$809.17	cultural	65	20
914	http://dummyimage.com/117x185.bmp/ff4444/ffffff	2018-05-17	3	Donec diam neque, vestibulum eget, vulputate ut, ultrices vel, augue.	$698.65	cultural	13	3
915	http://dummyimage.com/204x220.bmp/dddddd/000000	2017-10-09	5	Nulla tempus.	$51.40	safari	26	8
916	http://dummyimage.com/107x198.jpg/dddddd/000000	2018-05-14	8	Vestibulum ante ipsum primis in faucibus orci luctus et ultrices posuere cubilia Curae. Integer ac neque. Duis bibendum.	$921.08	safari	77	5
917	http://dummyimage.com/189x140.png/ff4444/ffffff	2017-12-07	6	Duis ac nibh. Fusce lacus purus, aliquet at, feugiat non, pretium quis, lectus.	$817.41	safari	22	21
918	http://dummyimage.com/145x111.png/5fa2dd/ffffff	2018-04-19	4	Cras mi pede, malesuada in, imperdiet et, commodo vulputate, justo.	$313.22	safari	69	1
919	http://dummyimage.com/114x248.bmp/5fa2dd/ffffff	2018-07-09	8	Aliquam augue quam, sollicitudin vitae, consectetuer eget, rutrum at, lorem.	$644.72	cultural	5	13
920	http://dummyimage.com/180x114.jpg/ff4444/ffffff	2018-01-13	7	Proin at turpis a pede posuere nonummy.	$997.90	cultural	23	25
921	http://dummyimage.com/192x124.jpg/ff4444/ffffff	2017-12-22	10	Duis consequat dui nec nisi volutpat eleifend.	$76.88	cultural	80	6
922	http://dummyimage.com/152x192.png/dddddd/000000	2018-02-05	2	Donec posuere metus vitae ipsum. Aliquam non mauris. Morbi non lectus.	$516.51	cultural	15	7
923	http://dummyimage.com/109x143.jpg/5fa2dd/ffffff	2017-08-02	10	Nunc purus.	$691.42	cultural	60	5
924	http://dummyimage.com/142x170.png/5fa2dd/ffffff	2017-07-10	3	Praesent blandit. Nam nulla.	$305.36	cultural	51	20
925	http://dummyimage.com/100x106.jpg/5fa2dd/ffffff	2017-12-03	4	Mauris lacinia sapien quis libero.	$672.83	cultural	39	18
926	http://dummyimage.com/120x133.png/ff4444/ffffff	2018-01-03	8	Vivamus vestibulum sagittis sapien. Cum sociis natoque penatibus et magnis dis parturient montes, nascetur ridiculus mus. Etiam vel augue.	$15.55	cultural	67	12
927	http://dummyimage.com/197x153.png/ff4444/ffffff	2018-06-22	3	Praesent blandit lacinia erat. Vestibulum sed magna at nunc commodo placerat.	$443.95	cultural	67	2
928	http://dummyimage.com/213x110.jpg/dddddd/000000	2018-03-27	5	Sed accumsan felis. Ut at dolor quis odio consequat varius. Integer ac leo.	$17.09	cultural	97	1
929	http://dummyimage.com/177x122.bmp/dddddd/000000	2017-09-15	4	Mauris enim leo, rhoncus sed, vestibulum sit amet, cursus id, turpis. Integer aliquet, massa id lobortis convallis, tortor risus dapibus augue, vel accumsan tellus nisi eu orci.	$420.96	cultural	88	20
930	http://dummyimage.com/239x216.bmp/cc0000/ffffff	2017-05-23	6	Maecenas ut massa quis augue luctus tincidunt.	$786.28	cultural	97	22
931	http://dummyimage.com/121x205.jpg/dddddd/000000	2017-12-31	7	Maecenas leo odio, condimentum id, luctus nec, molestie sed, justo. Pellentesque viverra pede ac diam. Cras pellentesque volutpat dui.	$711.13	cultural	25	4
932	http://dummyimage.com/190x148.bmp/cc0000/ffffff	2017-09-09	9	Integer tincidunt ante vel ipsum. Praesent blandit lacinia erat.	$338.28	cultural	56	14
933	http://dummyimage.com/116x117.bmp/5fa2dd/ffffff	2018-02-28	4	Donec diam neque, vestibulum eget, vulputate ut, ultrices vel, augue. Vestibulum ante ipsum primis in faucibus orci luctus et ultrices posuere cubilia Curae.	$398.45	cultural	78	11
934	http://dummyimage.com/109x174.png/dddddd/000000	2017-12-03	7	Aenean lectus. Pellentesque eget nunc. Donec quis orci eget orci vehicula condimentum.	$974.58	cultural	75	3
935	http://dummyimage.com/152x234.jpg/dddddd/000000	2018-05-24	1	Quisque ut erat. Curabitur gravida nisi at nibh. In hac habitasse platea dictumst.	$169.02	cultural	36	17
936	http://dummyimage.com/236x102.bmp/cc0000/ffffff	2018-03-07	9	In sagittis dui vel nisl. Duis ac nibh. Fusce lacus purus, aliquet at, feugiat non, pretium quis, lectus.	$303.41	cultural	62	10
937	http://dummyimage.com/198x232.jpg/dddddd/000000	2017-09-18	5	Praesent blandit lacinia erat. Vestibulum sed magna at nunc commodo placerat.	$296.31	cultural	53	2
938	http://dummyimage.com/112x228.bmp/5fa2dd/ffffff	2017-06-06	2	Aliquam augue quam, sollicitudin vitae, consectetuer eget, rutrum at, lorem.	$385.65	cultural	85	7
939	http://dummyimage.com/203x214.bmp/ff4444/ffffff	2018-05-20	3	Aenean auctor gravida sem. Praesent id massa id nisl venenatis lacinia.	$995.54	cultural	42	15
940	http://dummyimage.com/123x249.png/cc0000/ffffff	2017-06-25	8	Etiam vel augue. Vestibulum rutrum rutrum neque.	$687.98	cultural	66	19
941	http://dummyimage.com/111x131.png/dddddd/000000	2018-06-10	6	Quisque porta volutpat erat.	$357.66	cultural	3	14
942	http://dummyimage.com/120x174.png/dddddd/000000	2018-01-26	6	Vestibulum ante ipsum primis in faucibus orci luctus et ultrices posuere cubilia Curae; Mauris viverra diam vitae quam.	$993.42	cultural	66	11
943	http://dummyimage.com/223x138.jpg/ff4444/ffffff	2017-05-10	9	Lorem ipsum dolor sit amet, consectetuer adipiscing elit. Proin risus. Praesent lectus.	$674.27	cultural	10	8
944	http://dummyimage.com/175x143.jpg/dddddd/000000	2017-10-25	7	Sed ante. Vivamus tortor.	$490.07	cultural	83	25
945	http://dummyimage.com/181x216.png/ff4444/ffffff	2018-05-07	9	Vivamus metus arcu, adipiscing molestie, hendrerit at, vulputate vitae, nisl. Aenean lectus.	$413.52	cultural	26	23
946	http://dummyimage.com/159x161.jpg/5fa2dd/ffffff	2018-04-03	10	Vivamus in felis eu sapien cursus vestibulum. Proin eu mi. Nulla ac enim.	$552.42	cultural	22	19
947	http://dummyimage.com/108x234.bmp/ff4444/ffffff	2018-02-15	6	Suspendisse accumsan tortor quis turpis. Sed ante.	$567.43	safari	83	23
948	http://dummyimage.com/193x157.png/5fa2dd/ffffff	2017-08-16	5	Aenean sit amet justo. Morbi ut odio.	$312.22	safari	30	22
949	http://dummyimage.com/166x113.bmp/cc0000/ffffff	2018-03-07	5	Integer ac leo. Pellentesque ultrices mattis odio.	$908.76	safari	49	3
950	http://dummyimage.com/162x140.bmp/dddddd/000000	2017-07-16	6	Maecenas pulvinar lobortis est. Phasellus sit amet erat.	$842.79	safari	19	13
951	http://dummyimage.com/157x207.png/5fa2dd/ffffff	2017-09-23	4	Fusce posuere felis sed lacus.	$225.30	safari	29	25
952	http://dummyimage.com/245x184.png/5fa2dd/ffffff	2017-06-26	9	Nunc purus. Phasellus in felis. Donec semper sapien a libero.	$597.11	safari	21	13
953	http://dummyimage.com/132x137.jpg/dddddd/000000	2017-11-17	5	Mauris sit amet eros.	$485.67	safari	21	21
954	http://dummyimage.com/161x187.jpg/dddddd/000000	2017-07-14	2	Donec posuere metus vitae ipsum.	$418.85	safari	80	25
955	http://dummyimage.com/185x104.png/5fa2dd/ffffff	2018-03-24	7	Integer pede justo, lacinia eget, tincidunt eget, tempus vel, pede. Morbi porttitor lorem id ligula. Suspendisse ornare consequat lectus.	$34.95	safari	97	6
956	http://dummyimage.com/191x155.bmp/dddddd/000000	2018-03-05	5	Suspendisse potenti.	$511.80	safari	40	25
957	http://dummyimage.com/232x160.png/cc0000/ffffff	2017-12-13	8	Morbi sem mauris, laoreet ut, rhoncus aliquet, pulvinar sed, nisl. Nunc rhoncus dui vel sem.	$591.92	safari	34	9
958	http://dummyimage.com/154x201.png/cc0000/ffffff	2017-07-31	8	Praesent blandit. Nam nulla.	$610.06	safari	58	17
959	http://dummyimage.com/146x143.png/cc0000/ffffff	2018-02-21	1	Morbi sem mauris, laoreet ut, rhoncus aliquet, pulvinar sed, nisl.	$377.37	safari	39	20
960	http://dummyimage.com/226x220.jpg/cc0000/ffffff	2018-02-11	2	Pellentesque at nulla. Suspendisse potenti. Cras in purus eu magna vulputate luctus.	$787.62	safari	98	19
961	http://dummyimage.com/147x161.png/5fa2dd/ffffff	2017-11-08	10	Morbi vel lectus in quam fringilla rhoncus.	$934.24	safari	13	22
962	http://dummyimage.com/180x228.png/dddddd/000000	2017-11-01	5	Nullam porttitor lacus at turpis.	$543.53	safari	61	5
963	http://dummyimage.com/233x102.png/5fa2dd/ffffff	2018-03-05	5	Nullam varius. Nulla facilisi. Cras non velit nec nisi vulputate nonummy.	$342.88	safari	85	14
964	http://dummyimage.com/151x242.png/ff4444/ffffff	2018-04-15	8	Phasellus id sapien in sapien iaculis congue.	$351.05	safari	65	24
965	http://dummyimage.com/151x245.png/dddddd/000000	2018-06-04	2	Curabitur gravida nisi at nibh. In hac habitasse platea dictumst.	$139.56	safari	72	20
966	http://dummyimage.com/242x222.png/dddddd/000000	2017-07-10	6	Phasellus sit amet erat. Nulla tempus.	$312.69	safari	23	10
967	http://dummyimage.com/118x143.bmp/ff4444/ffffff	2018-04-08	1	Quisque id justo sit amet sapien dignissim vestibulum.	$848.41	safari	84	15
968	http://dummyimage.com/151x123.bmp/5fa2dd/ffffff	2017-05-23	9	Donec odio justo, sollicitudin ut, suscipit a, feugiat et, eros. Vestibulum ac est lacinia nisi venenatis tristique. 	$457.05	safari	31	1
969	http://dummyimage.com/135x194.jpg/ff4444/ffffff	2017-05-23	2	Aliquam sit amet diam in magna bibendum imperdiet. Nullam orci pede, venenatis non, sodales sed, tincidunt eu, felis. Fusce posuere felis sed lacus.	$851.50	safari	90	9
970	http://dummyimage.com/141x154.png/dddddd/000000	2017-05-21	8	Mauris ullamcorper purus sit amet nulla.	$559.29	safari	18	9
971	http://dummyimage.com/163x169.jpg/5fa2dd/ffffff	2017-07-15	8	Integer pede justo, lacinia eget, tincidunt eget, tempus vel, pede. Morbi porttitor lorem id ligula. Suspendisse ornare consequat lectus.	$89.56	safari	88	22
972	http://dummyimage.com/246x195.bmp/cc0000/ffffff	2018-01-13	3	Praesent lectus. Vestibulum quam sapien, varius ut, blandit non, interdum in, ante.	$402.97	safari	81	11
973	http://dummyimage.com/102x202.jpg/ff4444/ffffff	2018-01-26	1	Vivamus vestibulum sagittis sapien. Cum sociis natoque penatibus et magnis dis parturient montes, nascetur ridiculus mus. Etiam vel augue.	$682.53	safari	71	18
974	http://dummyimage.com/187x239.bmp/dddddd/000000	2017-12-17	10	Aliquam quis turpis eget elit sodales scelerisque.	$384.39	safari	18	20
975	http://dummyimage.com/220x161.jpg/5fa2dd/ffffff	2017-06-21	5	In tempor, turpis nec euismod scelerisque, quam turpis adipiscing lorem, vitae mattis nibh ligula nec sem. Duis aliquam convallis nunc.	$444.24	safari	57	11
976	http://dummyimage.com/208x100.png/cc0000/ffffff	2017-08-09	5	Cras in purus eu magna vulputate luctus.	$935.94	safari	34	14
977	http://dummyimage.com/222x221.bmp/ff4444/ffffff	2017-09-02	1	In hac habitasse platea dictumst. Etiam faucibus cursus urna. Ut tellus.	$36.04	safari	27	18
978	http://dummyimage.com/105x141.png/5fa2dd/ffffff	2017-10-15	7	Nulla tempus. Vivamus in felis eu sapien cursus vestibulum. Proin eu mi.	$87.47	safari	41	14
979	http://dummyimage.com/234x178.bmp/5fa2dd/ffffff	2018-02-19	6	Nulla justo.	$291.82	safari	14	20
980	http://dummyimage.com/225x226.jpg/5fa2dd/ffffff	2018-01-05	5	Curabitur convallis. Duis consequat dui nec nisi volutpat eleifend. Donec ut dolor.	$171.65	safari	75	10
981	http://dummyimage.com/126x247.jpg/dddddd/000000	2017-07-02	10	Donec ut dolor. Morbi vel lectus in quam fringilla rhoncus.	$227.53	safari	15	4
982	http://dummyimage.com/194x202.bmp/ff4444/ffffff	2017-12-26	8	Nam congue, risus semper porta volutpat, quam pede lobortis ligula, sit amet eleifend pede libero quis orci. Nullam molestie nibh in lectus. Pellentesque at nulla.	$626.15	safari	42	18
983	http://dummyimage.com/238x162.jpg/cc0000/ffffff	2018-04-09	7	In hac habitasse platea dictumst. Aliquam augue quam, sollicitudin vitae, consectetuer eget, rutrum at, lorem. Integer tincidunt ante vel ipsum.	$160.67	safari	60	23
984	http://dummyimage.com/236x238.bmp/dddddd/000000	2017-12-26	8	Nam ultrices, libero non mattis pulvinar, nulla pede ullamcorper augue, a suscipit nulla elit ac nulla. Sed vel enim sit amet nunc viverra dapibus.	$369.49	safari	2	25
985	http://dummyimage.com/237x217.bmp/5fa2dd/ffffff	2018-04-16	7	Duis consequat dui nec nisi volutpat eleifend. Donec ut dolor. Morbi vel lectus in quam fringilla rhoncus.	$98.37	safari	36	24
986	http://dummyimage.com/141x239.jpg/ff4444/ffffff	2017-10-15	4	Nulla ut erat id mauris vulputate elementum. Nullam varius. Nulla facilisi.	$907.46	safari	11	9
987	http://dummyimage.com/162x135.jpg/dddddd/000000	2018-07-04	3	Mauris enim leo, rhoncus sed, vestibulum sit amet, cursus id, turpis.	$647.63	safari	91	23
988	http://dummyimage.com/243x186.png/5fa2dd/ffffff	2018-03-07	9	Cras pellentesque volutpat dui. Maecenas tristique, est et tempus semper, est quam pharetra magna, ac consequat metus sapien ut nunc.	$28.38	safari	66	17
989	http://dummyimage.com/223x112.jpg/dddddd/000000	2018-05-11	1	Nunc rhoncus dui vel sem.	$607.97	safari	69	16
990	http://dummyimage.com/185x148.png/cc0000/ffffff	2017-07-02	2	Nulla suscipit ligula in lacus.	$366.93	safari	44	2
991	http://dummyimage.com/145x145.jpg/cc0000/ffffff	2017-10-02	3	Maecenas tincidunt lacus at velit. Vivamus vel nulla eget eros elementum pellentesque.	$78.57	safari	41	19
992	http://dummyimage.com/122x210.png/ff4444/ffffff	2017-11-09	10	Nullam porttitor lacus at turpis. Donec posuere metus vitae ipsum. Aliquam non mauris.	$152.40	safari	100	2
993	http://dummyimage.com/197x248.bmp/cc0000/ffffff	2018-01-01	3	Vestibulum ante ipsum primis in faucibus orci luctus et ultrices posuere cubilia Curae; Duis faucibus accumsan odio. Curabitur convallis. Duis consequat dui nec nisi volutpat eleifend.	$299.61	safari	93	24
994	http://dummyimage.com/195x145.png/cc0000/ffffff	2017-10-25	8	Suspendisse ornare consequat lectus. In est risus, auctor sed, tristique in, tempus sit amet, sem.	$492.44	safari	21	11
995	http://dummyimage.com/122x101.png/cc0000/ffffff	2018-02-20	7	Pellentesque ultrices mattis odio. Donec vitae nisi. Nam ultrices, libero non mattis pulvinar, nulla pede ullamcorper augue, a suscipit nulla elit ac nulla.	$672.59	safari	15	23
996	http://dummyimage.com/162x159.png/ff4444/ffffff	2017-08-18	7	Vivamus metus arcu, adipiscing molestie, hendrerit at, vulputate vitae, nisl. Aenean lectus. Pellentesque eget nunc.	$514.56	safari	80	7
997	http://dummyimage.com/162x159.jpg/5fa2dd/ffffff	2018-07-01	2	Sed ante.	$208.31	safari	43	12
998	http://dummyimage.com/226x100.png/5fa2dd/ffffff	2017-06-12	1	Sed sagittis.	$922.58	safari	4	6
999	http://dummyimage.com/173x147.png/dddddd/000000	2017-12-24	4	In sagittis dui vel nisl. Duis ac nibh. Fusce lacus purus, aliquet at, feugiat non, pretium quis, lectus.	$675.17	safari	71	9
1000	http://dummyimage.com/112x187.png/cc0000/ffffff	2018-02-27	3	Curabitur in libero ut massa volutpat convallis.	$703.15	safari	72	22
\.


--
-- TOC entry 2167 (class 0 OID 16469)
-- Dependencies: 188
-- Data for Name: user; Type: TABLE DATA; Schema: public; Owner: postgres
--

COPY "user" (id, login, password) FROM stdin;
1	bluegoose681	angel
2	brownbutterfly205	hello1
3	orangegoose293	putter
4	ticklishlion744	kong
5	whitepanda913	redsox1
6	happypeacock362	sailor
7	redbutterfly724	sherri
8	lazygoose982	quest1
9	greenzebra720	arturo
10	goldenbird994	kris
11	heavymeercat419	europa
12	angryfrog369	adam25
13	heavymouse685	ttttttt
14	ticklishcat364	liquid
15	ticklishbutterfly225	kkkkkkk
16	angrypeacock516	book
17	purplemouse260	alanis
18	goldenlion776	hooters
19	heavywolf758	abcdefg
20	ticklishkoala139	speakers
21	crazyelephant893	backbone
22	beautifulgoose390	oilers
23	yellowmouse813	zong
24	redostrich841	wendy
25	beautifulladybug109	jordan1
26	silverlion900	bbbb
27	happycat176	stephan
28	bluefrog188	therock
29	organicgoose309	adrienne
30	whitepanda978	menace
31	bigtiger143	backbone
32	blackmouse380	haha
33	sadmeercat294	andrea1
34	orangeostrich703	notredam
35	heavypanda275	timber
36	sadelephant502	mickey
37	silverduck288	sang
38	smallwolf911	picasso
39	purplekoala886	mooses
40	heavydog241	double
41	beautifulmouse912	underdog
42	ticklishwolf878	beech
43	redtiger977	chico
44	organicbird902	saturn
45	goldenladybug891	alberto
46	brownpeacock888	5rxypn
47	goldenfish615	goose1
48	organicrabbit968	bryant
49	redwolf768	focus
50	lazymeercat288	jjjjj
51	organiclion568	reckless
52	blackgorilla961	list
53	blackgoose942	nikita
54	lazyduck506	cumm
55	brownladybug419	nong
56	heavyswan909	hurricane
57	sadmouse301	buddha
58	redfish354	fandango
59	greengorilla209	cubs
60	orangeostrich124	real
61	reddog897	womans
62	silvermeercat606	irish1
63	angrycat977	aberdeen
64	organicmouse602	andreas
65	redsnake779	danielle
66	yellowfish220	slinky
67	goldenbear447	sssss
68	crazykoala414	pirates
69	greenelephant315	blueberr
70	bluelion826	1013
71	smallbutterfly789	eagles1
72	heavygoose821	thong
73	bigbird192	sunrise
74	bigbear891	barley
75	redzebra537	annie
76	sadmeercat357	gadget
77	redbutterfly579	gunners
78	ticklishkoala633	newport
79	crazyfish306	strat
80	yellowladybug766	147147
81	smallwolf625	paris1
82	goldenbutterfly873	irish
83	goldenelephant345	starship
84	smalllion436	1111
85	whitewolf362	rebel
86	biggoose963	louise
87	blackgoose959	kisskiss
88	yellowtiger965	boating
89	greenfish637	darkman
90	angrygoose891	trout
91	beautifulbear761	shun
92	organicostrich442	swinging
93	whitebear377	wwwwwww
94	goldenleopard934	333333
95	organicgoose662	callum
96	crazyleopard523	mariner
97	orangemouse918	hydro
98	blackzebra579	frosch
99	silvergoose415	maxime
100	goldenswan189	meister
\.


--
-- TOC entry 2169 (class 0 OID 16496)
-- Dependencies: 190
-- Data for Name: review; Type: TABLE DATA; Schema: public; Owner: postgres
--

COPY review (id, date, text, user_id, tour_id) FROM stdin;
1	2017-10-09	Maecenas leo odio, condimentum id, luctus nec, molestie sed, justo. Pellentesque viverra pede ac diam. Cras pellentesque volutpat dui.	44	752
2	2017-10-21	Integer ac neque. Duis bibendum.	75	77
3	2017-08-10	Integer ac neque. Duis bibendum. Morbi non quam nec dui luctus rutrum.	3	727
4	2018-04-15	Pellentesque at nulla.	16	398
5	2017-12-13	Praesent lectus.	56	511
6	2018-04-23	Cras non velit nec nisi vulputate nonummy. Maecenas tincidunt lacus at velit. Vivamus vel nulla eget eros elementum pellentesque.	61	765
7	2018-04-15	Quisque arcu libero, rutrum ac, lobortis vel, dapibus at, diam. Nam tristique tortor eu pede.	72	305
8	2017-12-02	Aliquam augue quam, sollicitudin vitae, consectetuer eget, rutrum at, lorem. Integer tincidunt ante vel ipsum.	43	275
9	2018-02-16	Pellentesque eget nunc.	69	937
10	2018-01-14	Fusce posuere felis sed lacus. Morbi sem mauris, laoreet ut, rhoncus aliquet, pulvinar sed, nisl. Nunc rhoncus dui vel sem.	85	365
11	2018-04-27	Mauris lacinia sapien quis libero.	62	455
12	2017-07-31	Donec semper sapien a libero.	21	136
13	2018-04-17	Quisque arcu libero, rutrum ac, lobortis vel, dapibus at, diam. Nam tristique tortor eu pede.	65	10
14	2017-12-24	In est risus, auctor sed, tristique in, tempus sit amet, sem. Fusce consequat. Nulla nisl.	86	16
15	2017-12-10	Cum sociis natoque penatibus et magnis dis parturient montes, nascetur ridiculus mus. Etiam vel augue.	10	816
16	2017-07-03	Praesent blandit lacinia erat. Vestibulum sed magna at nunc commodo placerat. Praesent blandit.	25	952
17	2017-09-15	Nulla tellus.	7	419
18	2018-05-09	Nulla mollis molestie lorem. Quisque ut erat. Curabitur gravida nisi at nibh.	87	44
19	2018-03-25	Nunc rhoncus dui vel sem.	59	982
20	2018-01-02	Integer ac leo.	25	120
21	2017-11-13	Duis consequat dui nec nisi volutpat eleifend.	51	388
22	2017-08-30	Proin leo odio, porttitor id, consequat in, consequat ut, nulla. Sed accumsan felis. Ut at dolor quis odio consequat varius.	83	654
23	2017-06-24	Cum sociis natoque penatibus et magnis dis parturient montes, nascetur ridiculus mus. Vivamus vestibulum sagittis sapien. Cum sociis natoque penatibus et magnis dis parturient montes, nascetur ridiculus mus.	26	445
24	2017-10-03	Aliquam augue quam, sollicitudin vitae, consectetuer eget, rutrum at, lorem.	44	366
25	2018-02-18	Proin leo odio, porttitor id, consequat in, consequat ut, nulla. Sed accumsan felis.	37	888
26	2017-12-01	Morbi sem mauris, laoreet ut, rhoncus aliquet, pulvinar sed, nisl. Nunc rhoncus dui vel sem.	42	167
27	2017-09-24	Duis at velit eu est congue elementum. In hac habitasse platea dictumst. Morbi vestibulum, velit id pretium iaculis, diam erat fermentum justo, nec condimentum neque sapien placerat ante.	78	146
28	2018-03-13	Integer pede justo, lacinia eget, tincidunt eget, tempus vel, pede. Morbi porttitor lorem id ligula. Suspendisse ornare consequat lectus.	71	782
29	2018-02-19	Nulla mollis molestie lorem. Quisque ut erat.	2	305
30	2018-04-10	Curabitur gravida nisi at nibh. In hac habitasse platea dictumst.	65	750
31	2017-10-20	Nulla ac enim. In tempor, turpis nec euismod scelerisque, quam turpis adipiscing lorem, vitae mattis nibh ligula nec sem.	50	457
32	2018-03-24	Integer pede justo, lacinia eget, tincidunt eget, tempus vel, pede. Morbi porttitor lorem id ligula.	61	845
33	2017-06-23	Fusce posuere felis sed lacus. Morbi sem mauris, laoreet ut, rhoncus aliquet, pulvinar sed, nisl. Nunc rhoncus dui vel sem.	73	725
34	2017-09-25	Integer non velit.	10	676
35	2017-10-22	Morbi porttitor lorem id ligula.	86	944
36	2018-03-11	Morbi vel lectus in quam fringilla rhoncus.	14	58
37	2018-06-23	Phasellus in felis. Donec semper sapien a libero. Nam dui.	33	235
38	2017-09-02	Quisque id justo sit amet sapien dignissim vestibulum. Vestibulum ante ipsum primis in faucibus orci luctus et ultrices posuere cubilia Curae; Nulla dapibus dolor vel est. Donec odio justo, sollicitudin ut, suscipit a, feugiat et, eros.	99	292
39	2017-12-28	Nulla suscipit ligula in lacus. Curabitur at ipsum ac tellus semper interdum.	86	349
40	2017-08-12	Nullam orci pede, venenatis non, sodales sed, tincidunt eu, felis. Fusce posuere felis sed lacus. Morbi sem mauris, laoreet ut, rhoncus aliquet, pulvinar sed, nisl.	12	356
41	2017-12-02	Ut at dolor quis odio consequat varius. Integer ac leo.	66	95
42	2017-06-28	Quisque ut erat. Curabitur gravida nisi at nibh.	59	785
43	2018-06-25	Maecenas ut massa quis augue luctus tincidunt. Nulla mollis molestie lorem.	78	51
44	2018-02-11	Etiam justo. Etiam pretium iaculis justo.	83	22
45	2018-05-23	Praesent blandit.	70	191
46	2017-09-15	Duis mattis egestas metus. Aenean fermentum.	8	459
47	2018-06-07	Cum sociis natoque penatibus et magnis dis parturient montes, nascetur ridiculus mus. Vivamus vestibulum sagittis sapien.	78	336
48	2018-02-22	Integer ac leo. Pellentesque ultrices mattis odio. Donec vitae nisi.	60	524
49	2018-05-06	Donec vitae nisi. Nam ultrices, libero non mattis pulvinar, nulla pede ullamcorper augue, a suscipit nulla elit ac nulla.	71	741
50	2017-11-18	Etiam pretium iaculis justo. In hac habitasse platea dictumst.	36	830
51	2018-03-27	Nam nulla.	72	623
52	2018-04-17	In blandit ultrices enim. Lorem ipsum dolor sit amet, consectetuer adipiscing elit. Proin interdum mauris non ligula pellentesque ultrices.	100	593
53	2018-07-08	Phasellus id sapien in sapien iaculis congue. Vivamus metus arcu, adipiscing molestie, hendrerit at, vulputate vitae, nisl.	8	920
54	2017-10-31	Mauris sit amet eros.	19	707
55	2017-10-11	Morbi sem mauris, laoreet ut, rhoncus aliquet, pulvinar sed, nisl. Nunc rhoncus dui vel sem.	77	437
56	2018-02-16	Integer aliquet, massa id lobortis convallis, tortor risus dapibus augue, vel accumsan tellus nisi eu orci. Mauris lacinia sapien quis libero. Nullam sit amet turpis elementum ligula vehicula consequat.	83	800
57	2018-05-23	Integer pede justo, lacinia eget, tincidunt eget, tempus vel, pede. Morbi porttitor lorem id ligula. Suspendisse ornare consequat lectus.	73	114
58	2018-05-04	Ut tellus. Nulla ut erat id mauris vulputate elementum. Nullam varius.	90	47
59	2018-05-03	Duis bibendum, felis sed interdum venenatis, turpis enim blandit mi, in porttitor pede justo eu massa. Donec dapibus.	20	235
60	2018-04-15	Curabitur at ipsum ac tellus semper interdum.	31	624
251	2017-08-15	Ut tellus.	58	117
61	2017-07-11	Donec quis orci eget orci vehicula condimentum. Curabitur in libero ut massa volutpat convallis.	45	556
62	2018-06-20	Nam tristique tortor eu pede.	92	406
63	2017-12-14	Nulla ut erat id mauris vulputate elementum. Nullam varius. Nulla facilisi.	33	340
64	2018-01-15	Cras mi pede, malesuada in, imperdiet et, commodo vulputate, justo. In blandit ultrices enim.	92	988
65	2018-04-04	Integer pede justo, lacinia eget, tincidunt eget, tempus vel, pede. Morbi porttitor lorem id ligula.	22	744
66	2017-09-30	Etiam justo.	16	863
67	2017-09-08	Quisque erat eros, viverra eget, congue eget, semper rutrum, nulla. Nunc purus. Phasellus in felis.	39	610
68	2018-01-18	In est risus, auctor sed, tristique in, tempus sit amet, sem. Fusce consequat.	95	32
69	2018-03-22	Duis ac nibh. Fusce lacus purus, aliquet at, feugiat non, pretium quis, lectus.	83	999
70	2018-07-07	Vestibulum ac est lacinia nisi venenatis tristique. Fusce congue, diam id ornare imperdiet, sapien urna pretium nisl, ut volutpat sapien arcu sed augue. Aliquam erat volutpat.	3	923
71	2018-06-22	Quisque porta volutpat erat.	38	166
72	2017-06-10	Nullam molestie nibh in lectus. Pellentesque at nulla.	52	297
73	2018-03-11	Donec semper sapien a libero.	11	822
74	2017-11-10	Nullam orci pede, venenatis non, sodales sed, tincidunt eu, felis.	8	683
75	2017-12-06	Suspendisse ornare consequat lectus. In est risus, auctor sed, tristique in, tempus sit amet, sem.	26	279
76	2018-03-29	Mauris ullamcorper purus sit amet nulla.	47	776
77	2018-02-06	Quisque arcu libero, rutrum ac, lobortis vel, dapibus at, diam.	60	681
78	2017-09-04	Maecenas tincidunt lacus at velit. Vivamus vel nulla eget eros elementum pellentesque. Quisque porta volutpat erat.	68	180
79	2018-01-14	Integer non velit. Donec diam neque, vestibulum eget, vulputate ut, ultrices vel, augue. Vestibulum ante ipsum primis in faucibus orci luctus et ultrices posuere cubilia Curae; Donec pharetra, magna vestibulum aliquet ultrices, erat tortor sollicitudin mi, sit amet lobortis sapien sapien non mi.	61	276
80	2017-12-06	Aliquam non mauris. Morbi non lectus. Aliquam sit amet diam in magna bibendum imperdiet.	70	291
81	2017-06-11	Nullam sit amet turpis elementum ligula vehicula consequat.	10	948
82	2017-09-13	Duis ac nibh. Fusce lacus purus, aliquet at, feugiat non, pretium quis, lectus. Suspendisse potenti.	46	821
83	2017-10-02	Fusce consequat. Nulla nisl.	81	81
84	2018-06-27	Proin interdum mauris non ligula pellentesque ultrices. Phasellus id sapien in sapien iaculis congue.	24	8
85	2018-03-03	In congue.	22	842
86	2017-09-01	Duis aliquam convallis nunc.	57	839
87	2017-12-25	Nulla ut erat id mauris vulputate elementum.	39	210
88	2017-08-25	Proin risus.	78	818
89	2017-12-06	Ut at dolor quis odio consequat varius.	15	8
90	2017-10-19	Vestibulum ante ipsum primis in faucibus orci luctus et ultrices posuere cubilia Curae; Donec pharetra, magna vestibulum aliquet ultrices, erat tortor sollicitudin mi, sit amet lobortis sapien sapien non mi. Integer ac neque.	18	765
91	2017-06-30	In eleifend quam a odio. In hac habitasse platea dictumst.	2	279
92	2018-04-29	Aenean fermentum. Donec ut mauris eget massa tempor convallis. Nulla neque libero, convallis eget, eleifend luctus, ultricies eu, nibh.	85	556
93	2018-05-25	Maecenas ut massa quis augue luctus tincidunt.	40	149
94	2017-09-03	Vivamus in felis eu sapien cursus vestibulum.	43	740
95	2018-07-09	Cras non velit nec nisi vulputate nonummy. Maecenas tincidunt lacus at velit. Vivamus vel nulla eget eros elementum pellentesque.	24	965
96	2018-02-23	Vivamus vestibulum sagittis sapien.	5	946
97	2018-06-19	Aenean auctor gravida sem. Praesent id massa id nisl venenatis lacinia. Aenean sit amet justo.	29	648
98	2017-08-03	In sagittis dui vel nisl. Duis ac nibh. Fusce lacus purus, aliquet at, feugiat non, pretium quis, lectus.	27	814
99	2018-01-23	Vivamus in felis eu sapien cursus vestibulum.	40	174
100	2017-06-11	Nullam orci pede, venenatis non, sodales sed, tincidunt eu, felis.	18	754
101	2017-07-13	Sed vel enim sit amet nunc viverra dapibus. Nulla suscipit ligula in lacus. Curabitur at ipsum ac tellus semper interdum.	79	900
102	2018-04-19	Etiam pretium iaculis justo. In hac habitasse platea dictumst. Etiam faucibus cursus urna.	75	3
103	2017-09-18	Pellentesque viverra pede ac diam. Cras pellentesque volutpat dui.	39	623
104	2017-06-11	Vivamus vestibulum sagittis sapien. Cum sociis natoque penatibus et magnis dis parturient montes, nascetur ridiculus mus.	82	221
105	2017-08-29	Nullam varius. Nulla facilisi.	96	330
106	2017-09-13	Donec quis orci eget orci vehicula condimentum.	45	977
107	2017-12-13	Etiam pretium iaculis justo. In hac habitasse platea dictumst. Etiam faucibus cursus urna.	44	73
108	2018-06-09	Quisque ut erat. Curabitur gravida nisi at nibh.	87	247
109	2018-05-17	Integer a nibh. In quis justo. Maecenas rhoncus aliquam lacus.	32	666
110	2018-05-13	Vivamus tortor. Duis mattis egestas metus. Aenean fermentum.	2	467
111	2018-04-30	Nulla tellus.	20	985
112	2018-04-16	Nulla mollis molestie lorem. Quisque ut erat. Curabitur gravida nisi at nibh.	95	374
113	2017-06-27	Aliquam sit amet diam in magna bibendum imperdiet. Nullam orci pede, venenatis non, sodales sed, tincidunt eu, felis. Fusce posuere felis sed lacus.	44	306
114	2018-05-11	Aenean sit amet justo.	16	126
115	2018-07-03	Duis mattis egestas metus. Aenean fermentum.	97	957
116	2017-08-27	Aenean sit amet justo. Morbi ut odio. Cras mi pede, malesuada in, imperdiet et, commodo vulputate, justo.	5	102
117	2017-10-10	Nulla nisl. Nunc nisl. Duis bibendum, felis sed interdum venenatis, turpis enim blandit mi, in porttitor pede justo eu massa.	71	24
118	2017-12-26	Suspendisse potenti. Cras in purus eu magna vulputate luctus.	67	583
119	2018-04-30	Curabitur gravida nisi at nibh. In hac habitasse platea dictumst. Aliquam augue quam, sollicitudin vitae, consectetuer eget, rutrum at, lorem.	31	697
120	2017-09-15	Lorem ipsum dolor sit amet, consectetuer adipiscing elit.	30	968
121	2018-01-29	Sed ante. Vivamus tortor. Duis mattis egestas metus.	69	273
122	2018-01-18	In sagittis dui vel nisl. Duis ac nibh. Fusce lacus purus, aliquet at, feugiat non, pretium quis, lectus.	7	634
123	2018-01-16	Mauris enim leo, rhoncus sed, vestibulum sit amet, cursus id, turpis. Integer aliquet, massa id lobortis convallis, tortor risus dapibus augue, vel accumsan tellus nisi eu orci.	98	73
381	2017-06-13	Proin eu mi.	76	583
124	2017-10-02	Nullam porttitor lacus at turpis. Donec posuere metus vitae ipsum. Aliquam non mauris.	92	181
125	2017-12-13	Maecenas rhoncus aliquam lacus.	96	475
126	2017-11-30	Proin interdum mauris non ligula pellentesque ultrices. Phasellus id sapien in sapien iaculis congue. Vivamus metus arcu, adipiscing molestie, hendrerit at, vulputate vitae, nisl.	59	62
127	2018-01-13	Quisque id justo sit amet sapien dignissim vestibulum.	17	920
128	2017-07-12	Phasellus id sapien in sapien iaculis congue.	4	271
129	2018-04-10	Mauris ullamcorper purus sit amet nulla.	38	526
130	2018-07-02	Etiam vel augue. Vestibulum rutrum rutrum neque. Aenean auctor gravida sem.	36	41
131	2018-05-17	Donec posuere metus vitae ipsum. Aliquam non mauris. Morbi non lectus.	57	601
132	2018-05-08	Nulla neque libero, convallis eget, eleifend luctus, ultricies eu, nibh.	10	258
133	2018-06-20	Vestibulum sed magna at nunc commodo placerat. Praesent blandit. Nam nulla.	48	545
134	2017-12-09	Aliquam augue quam, sollicitudin vitae, consectetuer eget, rutrum at, lorem. Integer tincidunt ante vel ipsum. Praesent blandit lacinia erat.	90	805
135	2017-06-14	Duis at velit eu est congue elementum. In hac habitasse platea dictumst.	86	952
136	2017-12-21	Mauris lacinia sapien quis libero.	67	732
137	2017-08-19	Nullam molestie nibh in lectus.	66	589
138	2017-08-31	In tempor, turpis nec euismod scelerisque, quam turpis adipiscing lorem, vitae mattis nibh ligula nec sem.	67	974
139	2017-07-08	In quis justo.	28	645
140	2017-10-30	Phasellus sit amet erat.	66	862
141	2018-03-27	Fusce congue, diam id ornare imperdiet, sapien urna pretium nisl, ut volutpat sapien arcu sed augue. Aliquam erat volutpat.	10	423
142	2017-07-09	Cras in purus eu magna vulputate luctus.	92	745
143	2017-11-15	Donec diam neque, vestibulum eget, vulputate ut, ultrices vel, augue. Vestibulum ante ipsum primis in faucibus orci luctus et ultrices posuere cubilia Curae; Donec pharetra, magna vestibulum aliquet ultrices, erat tortor sollicitudin mi, sit amet lobortis sapien sapien non mi.	27	106
144	2017-09-29	Maecenas pulvinar lobortis est.	100	767
145	2018-03-11	Suspendisse ornare consequat lectus.	75	977
146	2018-03-01	In blandit ultrices enim. Lorem ipsum dolor sit amet, consectetuer adipiscing elit.	88	828
147	2017-08-23	Phasellus sit amet erat.	61	717
148	2017-06-13	Praesent id massa id nisl venenatis lacinia. Aenean sit amet justo. Morbi ut odio.	94	997
149	2017-10-17	Aliquam erat volutpat. In congue.	75	448
150	2018-05-16	Maecenas rhoncus aliquam lacus. Morbi quis tortor id nulla ultrices aliquet.	2	975
151	2017-09-20	Nunc rhoncus dui vel sem. Sed sagittis.	90	316
152	2017-09-05	Donec vitae nisi.	39	900
153	2018-05-15	Vestibulum ante ipsum primis in faucibus orci luctus et ultrices posuere cubilia Curae; Nulla dapibus dolor vel est.	74	412
154	2018-03-08	Curabitur in libero ut massa volutpat convallis. Morbi odio odio, elementum eu, interdum eu, tincidunt in, leo.	43	568
155	2017-07-27	Vivamus vel nulla eget eros elementum pellentesque. Quisque porta volutpat erat.	73	61
156	2018-03-27	Etiam faucibus cursus urna. Ut tellus. Nulla ut erat id mauris vulputate elementum.	73	589
157	2017-07-07	Nullam sit amet turpis elementum ligula vehicula consequat.	43	375
158	2017-12-21	In blandit ultrices enim.	9	447
159	2017-08-15	Aenean lectus.	61	849
160	2017-11-27	Vestibulum ante ipsum primis in faucibus orci luctus et ultrices posuere cubilia Curae; Nulla dapibus dolor vel est. Donec odio justo, sollicitudin ut, suscipit a, feugiat et, eros. Vestibulum ac est lacinia nisi venenatis tristique.	13	455
161	2018-06-12	Nullam sit amet turpis elementum ligula vehicula consequat. Morbi a ipsum. Integer a nibh.	70	945
162	2017-10-09	Ut at dolor quis odio consequat varius.	2	13
163	2018-05-19	Vestibulum rutrum rutrum neque. Aenean auctor gravida sem. Praesent id massa id nisl venenatis lacinia.	19	796
164	2017-09-06	Praesent blandit lacinia erat. Vestibulum sed magna at nunc commodo placerat. Praesent blandit.	90	546
165	2018-05-16	Fusce consequat. Nulla nisl.	84	109
166	2017-11-04	Donec odio justo, sollicitudin ut, suscipit a, feugiat et, eros. Vestibulum ac est lacinia nisi venenatis tristique.	9	575
167	2017-10-01	Quisque id justo sit amet sapien dignissim vestibulum. Vestibulum ante ipsum primis in faucibus orci luctus et ultrices posuere cubilia Curae; Nulla dapibus dolor vel est. Donec odio justo, sollicitudin ut, suscipit a, feugiat et, eros.	68	636
168	2018-05-11	Integer ac neque. Duis bibendum.	31	821
169	2017-09-12	Phasellus id sapien in sapien iaculis congue.	64	182
170	2017-10-11	Nulla mollis molestie lorem. Quisque ut erat. Curabitur gravida nisi at nibh.	39	233
171	2017-11-02	Mauris lacinia sapien quis libero. Nullam sit amet turpis elementum ligula vehicula consequat. Morbi a ipsum.	50	711
172	2017-07-30	Morbi quis tortor id nulla ultrices aliquet. Maecenas leo odio, condimentum id, luctus nec, molestie sed, justo.	80	775
173	2018-01-26	Morbi non quam nec dui luctus rutrum. Nulla tellus.	84	387
174	2018-03-07	Vestibulum rutrum rutrum neque. Aenean auctor gravida sem.	4	208
175	2017-08-29	Aenean auctor gravida sem. Praesent id massa id nisl venenatis lacinia.	39	73
176	2017-08-02	Aenean auctor gravida sem.	87	185
177	2018-02-24	Phasellus id sapien in sapien iaculis congue. Vivamus metus arcu, adipiscing molestie, hendrerit at, vulputate vitae, nisl.	85	454
178	2018-01-10	Nulla facilisi.	7	514
179	2018-02-11	Nunc rhoncus dui vel sem. Sed sagittis.	42	434
180	2018-03-10	Vestibulum rutrum rutrum neque. Aenean auctor gravida sem. Praesent id massa id nisl venenatis lacinia.	77	446
181	2018-01-21	Morbi porttitor lorem id ligula.	21	878
182	2017-08-02	Nullam orci pede, venenatis non, sodales sed, tincidunt eu, felis.	45	33
183	2017-09-08	Morbi odio odio, elementum eu, interdum eu, tincidunt in, leo. Maecenas pulvinar lobortis est.	29	11
184	2018-02-14	Vivamus tortor. Duis mattis egestas metus.	86	554
185	2018-01-09	Proin at turpis a pede posuere nonummy. Integer non velit. Donec diam neque, vestibulum eget, vulputate ut, ultrices vel, augue.	20	545
186	2017-12-02	Cras in purus eu magna vulputate luctus. Cum sociis natoque penatibus et magnis dis parturient montes, nascetur ridiculus mus. Vivamus vestibulum sagittis sapien.	13	560
187	2018-05-10	Aenean lectus. Pellentesque eget nunc. Donec quis orci eget orci vehicula condimentum.	16	217
252	2018-04-08	Proin leo odio, porttitor id, consequat in, consequat ut, nulla.	6	475
188	2018-01-27	Morbi porttitor lorem id ligula. Suspendisse ornare consequat lectus. In est risus, auctor sed, tristique in, tempus sit amet, sem.	95	151
189	2017-09-28	Proin leo odio, porttitor id, consequat in, consequat ut, nulla. Sed accumsan felis. Ut at dolor quis odio consequat varius.	72	490
190	2017-06-26	Proin at turpis a pede posuere nonummy. Integer non velit.	3	38
191	2017-07-15	Aenean fermentum. Donec ut mauris eget massa tempor convallis. Nulla neque libero, convallis eget, eleifend luctus, ultricies eu, nibh.	65	205
192	2018-02-15	Etiam justo. Etiam pretium iaculis justo.	41	836
193	2018-05-21	Duis consequat dui nec nisi volutpat eleifend. Donec ut dolor.	11	572
194	2017-06-22	Nulla ut erat id mauris vulputate elementum. Nullam varius.	86	380
195	2018-04-03	Proin interdum mauris non ligula pellentesque ultrices. Phasellus id sapien in sapien iaculis congue. Vivamus metus arcu, adipiscing molestie, hendrerit at, vulputate vitae, nisl.	38	894
196	2017-07-16	Morbi porttitor lorem id ligula.	91	267
197	2018-03-15	Donec odio justo, sollicitudin ut, suscipit a, feugiat et, eros. Vestibulum ac est lacinia nisi venenatis tristique. Fusce congue, diam id ornare imperdiet, sapien urna pretium nisl, ut volutpat sapien arcu sed augue.	89	844
198	2017-10-18	Quisque erat eros, viverra eget, congue eget, semper rutrum, nulla.	28	503
199	2017-09-27	Proin eu mi. Nulla ac enim.	92	77
200	2018-06-15	Praesent blandit.	63	912
201	2018-04-18	Sed accumsan felis. Ut at dolor quis odio consequat varius. Integer ac leo.	82	6
202	2017-10-18	In quis justo.	70	411
203	2018-05-14	Aenean fermentum. Donec ut mauris eget massa tempor convallis.	59	562
204	2017-10-12	In hac habitasse platea dictumst.	81	186
205	2017-10-25	Nam congue, risus semper porta volutpat, quam pede lobortis ligula, sit amet eleifend pede libero quis orci. Nullam molestie nibh in lectus. Pellentesque at nulla.	58	371
206	2017-08-04	Nam congue, risus semper porta volutpat, quam pede lobortis ligula, sit amet eleifend pede libero quis orci. Nullam molestie nibh in lectus.	58	137
207	2017-07-21	Suspendisse potenti.	85	101
208	2018-06-04	Quisque ut erat. Curabitur gravida nisi at nibh. In hac habitasse platea dictumst.	94	796
209	2018-02-23	Proin risus. Praesent lectus. Vestibulum quam sapien, varius ut, blandit non, interdum in, ante.	88	220
210	2017-08-27	Duis mattis egestas metus.	26	529
211	2017-08-01	Integer a nibh. In quis justo.	76	501
212	2017-10-30	Duis aliquam convallis nunc. Proin at turpis a pede posuere nonummy.	14	91
213	2017-09-14	Nunc purus. Phasellus in felis. Donec semper sapien a libero.	59	463
214	2018-05-29	Sed sagittis. Nam congue, risus semper porta volutpat, quam pede lobortis ligula, sit amet eleifend pede libero quis orci.	97	225
215	2017-06-17	Morbi vel lectus in quam fringilla rhoncus.	23	995
216	2017-09-03	Cras mi pede, malesuada in, imperdiet et, commodo vulputate, justo.	20	153
217	2018-02-11	Donec quis orci eget orci vehicula condimentum.	14	369
218	2018-06-18	Vestibulum ante ipsum primis in faucibus orci luctus et ultrices posuere cubilia Curae; Nulla dapibus dolor vel est. Donec odio justo, sollicitudin ut, suscipit a, feugiat et, eros.	89	313
219	2018-02-15	Mauris sit amet eros. Suspendisse accumsan tortor quis turpis.	2	164
220	2017-07-04	Nulla nisl.	39	873
221	2017-08-02	Curabitur in libero ut massa volutpat convallis. Morbi odio odio, elementum eu, interdum eu, tincidunt in, leo. Maecenas pulvinar lobortis est.	88	12
222	2018-02-14	In blandit ultrices enim. Lorem ipsum dolor sit amet, consectetuer adipiscing elit.	80	899
223	2017-07-18	Nam nulla. Integer pede justo, lacinia eget, tincidunt eget, tempus vel, pede. Morbi porttitor lorem id ligula.	80	943
224	2018-03-23	Nunc rhoncus dui vel sem.	81	451
225	2018-04-24	Pellentesque viverra pede ac diam.	42	112
226	2017-08-14	Pellentesque at nulla. Suspendisse potenti.	98	721
227	2018-06-13	Sed sagittis. Nam congue, risus semper porta volutpat, quam pede lobortis ligula, sit amet eleifend pede libero quis orci. Nullam molestie nibh in lectus.	86	474
228	2017-11-03	Lorem ipsum dolor sit amet, consectetuer adipiscing elit.	53	953
229	2017-07-15	Suspendisse potenti. Cras in purus eu magna vulputate luctus.	49	508
230	2018-07-03	Fusce posuere felis sed lacus. Morbi sem mauris, laoreet ut, rhoncus aliquet, pulvinar sed, nisl.	41	96
231	2017-07-27	Duis consequat dui nec nisi volutpat eleifend. Donec ut dolor.	24	413
232	2018-05-03	Morbi ut odio. Cras mi pede, malesuada in, imperdiet et, commodo vulputate, justo.	69	145
233	2017-11-29	Maecenas leo odio, condimentum id, luctus nec, molestie sed, justo. Pellentesque viverra pede ac diam. Cras pellentesque volutpat dui.	34	594
234	2018-03-12	Ut tellus. Nulla ut erat id mauris vulputate elementum. Nullam varius.	33	323
235	2018-01-15	Suspendisse potenti.	68	945
236	2017-07-28	Nulla mollis molestie lorem.	9	747
237	2017-10-22	Etiam faucibus cursus urna. Ut tellus. Nulla ut erat id mauris vulputate elementum.	26	393
238	2017-07-20	Praesent lectus. Vestibulum quam sapien, varius ut, blandit non, interdum in, ante. Vestibulum ante ipsum primis in faucibus orci luctus et ultrices posuere cubilia Curae; Duis faucibus accumsan odio.	44	495
239	2017-10-22	Pellentesque viverra pede ac diam. Cras pellentesque volutpat dui.	68	534
240	2017-11-06	Nulla mollis molestie lorem. Quisque ut erat.	63	794
241	2017-08-02	Morbi ut odio. Cras mi pede, malesuada in, imperdiet et, commodo vulputate, justo. In blandit ultrices enim.	88	756
242	2018-01-31	Morbi ut odio.	65	443
243	2018-04-11	Duis ac nibh. Fusce lacus purus, aliquet at, feugiat non, pretium quis, lectus. Suspendisse potenti.	78	347
244	2018-05-26	Sed vel enim sit amet nunc viverra dapibus.	27	108
245	2017-08-28	Pellentesque ultrices mattis odio. Donec vitae nisi. Nam ultrices, libero non mattis pulvinar, nulla pede ullamcorper augue, a suscipit nulla elit ac nulla.	45	416
246	2017-09-09	Cum sociis natoque penatibus et magnis dis parturient montes, nascetur ridiculus mus. Etiam vel augue.	55	240
247	2017-07-28	Aliquam erat volutpat. In congue. Etiam justo.	35	601
248	2018-03-05	Integer tincidunt ante vel ipsum. Praesent blandit lacinia erat. Vestibulum sed magna at nunc commodo placerat.	79	585
249	2017-06-14	Sed sagittis. Nam congue, risus semper porta volutpat, quam pede lobortis ligula, sit amet eleifend pede libero quis orci.	70	252
250	2017-07-07	Proin interdum mauris non ligula pellentesque ultrices. Phasellus id sapien in sapien iaculis congue.	26	940
253	2017-08-09	In tempor, turpis nec euismod scelerisque, quam turpis adipiscing lorem, vitae mattis nibh ligula nec sem.	98	596
254	2018-06-22	Nam congue, risus semper porta volutpat, quam pede lobortis ligula, sit amet eleifend pede libero quis orci. Nullam molestie nibh in lectus.	26	297
255	2017-11-08	Morbi non lectus. Aliquam sit amet diam in magna bibendum imperdiet.	94	987
256	2017-09-08	Maecenas leo odio, condimentum id, luctus nec, molestie sed, justo. Pellentesque viverra pede ac diam. Cras pellentesque volutpat dui.	56	992
257	2017-08-19	Cras non velit nec nisi vulputate nonummy.	91	476
258	2018-04-30	Morbi sem mauris, laoreet ut, rhoncus aliquet, pulvinar sed, nisl. Nunc rhoncus dui vel sem. Sed sagittis.	43	164
259	2018-01-17	In hac habitasse platea dictumst.	66	364
260	2017-08-17	Praesent lectus.	47	4
261	2018-07-08	Nullam porttitor lacus at turpis.	60	441
262	2017-11-02	Integer non velit.	11	183
263	2017-07-25	Cum sociis natoque penatibus et magnis dis parturient montes, nascetur ridiculus mus. Etiam vel augue. Vestibulum rutrum rutrum neque.	27	633
264	2018-02-11	Morbi a ipsum. Integer a nibh.	58	813
265	2017-12-14	Integer ac leo. Pellentesque ultrices mattis odio. Donec vitae nisi.	74	112
266	2018-05-06	In sagittis dui vel nisl.	1	560
267	2018-06-08	Nulla justo. Aliquam quis turpis eget elit sodales scelerisque. Mauris sit amet eros.	75	977
268	2017-11-07	Etiam faucibus cursus urna. Ut tellus. Nulla ut erat id mauris vulputate elementum.	99	14
269	2017-11-01	Suspendisse ornare consequat lectus.	73	13
270	2018-02-13	Duis aliquam convallis nunc.	1	176
271	2017-07-21	Morbi porttitor lorem id ligula. Suspendisse ornare consequat lectus. In est risus, auctor sed, tristique in, tempus sit amet, sem.	11	965
272	2018-04-11	Nulla justo.	38	544
273	2018-06-26	Curabitur convallis.	33	469
274	2018-06-13	Integer ac neque. Duis bibendum.	99	833
275	2018-06-18	Vivamus in felis eu sapien cursus vestibulum. Proin eu mi. Nulla ac enim.	69	685
276	2017-12-05	Nam congue, risus semper porta volutpat, quam pede lobortis ligula, sit amet eleifend pede libero quis orci. Nullam molestie nibh in lectus. Pellentesque at nulla.	72	415
277	2017-12-09	Duis consequat dui nec nisi volutpat eleifend. Donec ut dolor. Morbi vel lectus in quam fringilla rhoncus.	21	628
278	2018-07-09	Nullam molestie nibh in lectus. Pellentesque at nulla. Suspendisse potenti.	17	520
279	2018-04-16	Curabitur gravida nisi at nibh.	68	132
280	2018-02-26	Proin at turpis a pede posuere nonummy. Integer non velit. Donec diam neque, vestibulum eget, vulputate ut, ultrices vel, augue.	55	718
281	2017-10-25	Donec ut dolor. Morbi vel lectus in quam fringilla rhoncus. Mauris enim leo, rhoncus sed, vestibulum sit amet, cursus id, turpis.	44	525
282	2018-02-06	Pellentesque at nulla. Suspendisse potenti. Cras in purus eu magna vulputate luctus.	61	469
283	2018-05-02	Nulla nisl. Nunc nisl.	56	957
284	2017-10-31	Pellentesque eget nunc. Donec quis orci eget orci vehicula condimentum. Curabitur in libero ut massa volutpat convallis.	10	371
285	2018-05-12	In eleifend quam a odio. In hac habitasse platea dictumst. Maecenas ut massa quis augue luctus tincidunt.	32	613
286	2017-10-02	Etiam pretium iaculis justo.	45	954
287	2018-06-03	Quisque erat eros, viverra eget, congue eget, semper rutrum, nulla. Nunc purus.	33	651
288	2018-06-15	Maecenas pulvinar lobortis est. Phasellus sit amet erat.	7	155
289	2017-08-16	Lorem ipsum dolor sit amet, consectetuer adipiscing elit. Proin interdum mauris non ligula pellentesque ultrices. Phasellus id sapien in sapien iaculis congue.	28	173
290	2018-02-06	Integer ac neque.	79	694
291	2017-08-26	Vestibulum ante ipsum primis in faucibus orci luctus et ultrices posuere cubilia Curae; Duis faucibus accumsan odio. Curabitur convallis. Duis consequat dui nec nisi volutpat eleifend.	34	535
292	2018-02-09	Etiam faucibus cursus urna. Ut tellus. Nulla ut erat id mauris vulputate elementum.	46	984
293	2017-10-08	Maecenas ut massa quis augue luctus tincidunt. Nulla mollis molestie lorem.	94	759
294	2017-09-08	Vivamus vestibulum sagittis sapien.	64	51
295	2018-06-22	Donec ut dolor. Morbi vel lectus in quam fringilla rhoncus.	60	996
296	2018-04-27	Mauris lacinia sapien quis libero. Nullam sit amet turpis elementum ligula vehicula consequat. Morbi a ipsum.	27	334
297	2017-08-02	Mauris sit amet eros.	30	422
298	2018-05-27	Aenean auctor gravida sem. Praesent id massa id nisl venenatis lacinia.	96	217
299	2017-11-06	Donec diam neque, vestibulum eget, vulputate ut, ultrices vel, augue.	64	441
300	2017-11-02	Morbi quis tortor id nulla ultrices aliquet. Maecenas leo odio, condimentum id, luctus nec, molestie sed, justo.	26	879
301	2017-12-31	Vestibulum quam sapien, varius ut, blandit non, interdum in, ante. Vestibulum ante ipsum primis in faucibus orci luctus et ultrices posuere cubilia Curae; Duis faucibus accumsan odio. Curabitur convallis.	55	165
302	2017-12-31	Suspendisse potenti.	21	509
303	2017-12-21	Ut at dolor quis odio consequat varius. Integer ac leo. Pellentesque ultrices mattis odio.	76	92
304	2018-02-04	Donec ut dolor. Morbi vel lectus in quam fringilla rhoncus. Mauris enim leo, rhoncus sed, vestibulum sit amet, cursus id, turpis.	86	162
305	2017-12-26	Donec quis orci eget orci vehicula condimentum. Curabitur in libero ut massa volutpat convallis. Morbi odio odio, elementum eu, interdum eu, tincidunt in, leo.	29	126
306	2018-04-02	Vivamus vestibulum sagittis sapien.	90	799
307	2017-09-28	Lorem ipsum dolor sit amet, consectetuer adipiscing elit.	89	591
308	2017-07-03	Nulla facilisi. Cras non velit nec nisi vulputate nonummy. Maecenas tincidunt lacus at velit.	30	311
309	2017-11-27	Aliquam sit amet diam in magna bibendum imperdiet. Nullam orci pede, venenatis non, sodales sed, tincidunt eu, felis. Fusce posuere felis sed lacus.	82	839
310	2017-08-17	Curabitur in libero ut massa volutpat convallis. Morbi odio odio, elementum eu, interdum eu, tincidunt in, leo.	100	512
311	2018-01-07	Vestibulum ante ipsum primis in faucibus orci luctus et ultrices posuere cubilia Curae; Donec pharetra, magna vestibulum aliquet ultrices, erat tortor sollicitudin mi, sit amet lobortis sapien sapien non mi.	34	736
312	2017-08-15	Suspendisse potenti. Nullam porttitor lacus at turpis. Donec posuere metus vitae ipsum.	12	27
313	2017-12-31	Ut tellus. Nulla ut erat id mauris vulputate elementum. Nullam varius.	14	505
314	2017-12-14	Nulla nisl. Nunc nisl.	31	424
380	2018-03-26	Integer tincidunt ante vel ipsum.	91	449
315	2017-06-17	Nulla tempus. Vivamus in felis eu sapien cursus vestibulum. Proin eu mi.	98	231
316	2017-08-08	Suspendisse potenti. In eleifend quam a odio.	9	987
317	2018-02-05	Nulla justo.	95	913
318	2018-05-11	In hac habitasse platea dictumst. Morbi vestibulum, velit id pretium iaculis, diam erat fermentum justo, nec condimentum neque sapien placerat ante.	68	35
319	2018-01-24	Nulla nisl.	87	709
320	2017-09-10	Integer ac leo. Pellentesque ultrices mattis odio.	42	498
321	2018-03-14	Duis bibendum, felis sed interdum venenatis, turpis enim blandit mi, in porttitor pede justo eu massa.	19	157
322	2017-08-18	Mauris ullamcorper purus sit amet nulla. Quisque arcu libero, rutrum ac, lobortis vel, dapibus at, diam. Nam tristique tortor eu pede.	6	212
323	2018-04-17	Maecenas leo odio, condimentum id, luctus nec, molestie sed, justo. Pellentesque viverra pede ac diam.	73	336
324	2017-06-30	In est risus, auctor sed, tristique in, tempus sit amet, sem. Fusce consequat.	61	702
325	2017-09-19	Aliquam erat volutpat.	32	193
326	2017-10-26	Fusce posuere felis sed lacus. Morbi sem mauris, laoreet ut, rhoncus aliquet, pulvinar sed, nisl. Nunc rhoncus dui vel sem.	100	231
327	2018-01-12	Cras non velit nec nisi vulputate nonummy.	62	667
328	2018-06-02	Curabitur gravida nisi at nibh.	89	318
329	2017-09-19	Ut at dolor quis odio consequat varius.	61	505
330	2017-07-13	Suspendisse ornare consequat lectus. In est risus, auctor sed, tristique in, tempus sit amet, sem. Fusce consequat.	49	345
331	2017-10-30	In hac habitasse platea dictumst. Etiam faucibus cursus urna.	72	347
332	2018-03-06	Suspendisse potenti. Cras in purus eu magna vulputate luctus. Cum sociis natoque penatibus et magnis dis parturient montes, nascetur ridiculus mus.	76	385
333	2017-12-22	Quisque arcu libero, rutrum ac, lobortis vel, dapibus at, diam.	84	307
334	2017-06-10	Morbi sem mauris, laoreet ut, rhoncus aliquet, pulvinar sed, nisl. Nunc rhoncus dui vel sem.	51	254
335	2017-11-13	Morbi odio odio, elementum eu, interdum eu, tincidunt in, leo. Maecenas pulvinar lobortis est.	88	287
336	2017-07-21	Duis mattis egestas metus. Aenean fermentum. Donec ut mauris eget massa tempor convallis.	98	803
337	2018-05-06	Duis ac nibh.	75	323
338	2018-01-30	Duis bibendum.	29	523
339	2018-04-23	Morbi ut odio.	14	767
340	2017-12-18	Duis bibendum, felis sed interdum venenatis, turpis enim blandit mi, in porttitor pede justo eu massa.	8	396
341	2018-07-02	Ut at dolor quis odio consequat varius. Integer ac leo.	1	560
342	2017-12-23	Duis ac nibh. Fusce lacus purus, aliquet at, feugiat non, pretium quis, lectus. Suspendisse potenti.	37	487
343	2018-06-27	In eleifend quam a odio. In hac habitasse platea dictumst. Maecenas ut massa quis augue luctus tincidunt.	29	451
344	2018-04-28	Phasellus sit amet erat.	6	166
345	2018-04-07	In hac habitasse platea dictumst. Aliquam augue quam, sollicitudin vitae, consectetuer eget, rutrum at, lorem. Integer tincidunt ante vel ipsum.	2	25
346	2017-08-22	Nulla nisl. Nunc nisl. Duis bibendum, felis sed interdum venenatis, turpis enim blandit mi, in porttitor pede justo eu massa.	80	972
347	2017-07-13	Duis bibendum, felis sed interdum venenatis, turpis enim blandit mi, in porttitor pede justo eu massa. Donec dapibus.	49	485
348	2018-01-19	Pellentesque eget nunc. Donec quis orci eget orci vehicula condimentum. Curabitur in libero ut massa volutpat convallis.	68	702
349	2017-10-05	In sagittis dui vel nisl. Duis ac nibh. Fusce lacus purus, aliquet at, feugiat non, pretium quis, lectus.	3	769
350	2017-09-06	Vestibulum rutrum rutrum neque. Aenean auctor gravida sem. Praesent id massa id nisl venenatis lacinia.	58	552
351	2018-05-09	Sed ante.	5	490
352	2017-12-22	Praesent blandit.	52	975
353	2018-05-08	Donec odio justo, sollicitudin ut, suscipit a, feugiat et, eros.	14	773
354	2018-05-09	Aenean sit amet justo. Morbi ut odio. Cras mi pede, malesuada in, imperdiet et, commodo vulputate, justo.	27	621
355	2018-07-05	Cras non velit nec nisi vulputate nonummy.	47	942
356	2018-04-22	Nulla justo. Aliquam quis turpis eget elit sodales scelerisque.	74	723
357	2017-09-23	Quisque porta volutpat erat. Quisque erat eros, viverra eget, congue eget, semper rutrum, nulla. Nunc purus.	44	414
358	2017-08-13	Suspendisse accumsan tortor quis turpis. Sed ante. Vivamus tortor.	59	611
359	2018-03-23	Aenean auctor gravida sem. Praesent id massa id nisl venenatis lacinia.	64	234
360	2017-12-23	Donec quis orci eget orci vehicula condimentum. Curabitur in libero ut massa volutpat convallis.	76	45
361	2018-06-12	Donec posuere metus vitae ipsum. Aliquam non mauris.	94	277
362	2018-03-16	Nunc purus. Phasellus in felis.	30	118
363	2017-08-31	Duis bibendum, felis sed interdum venenatis, turpis enim blandit mi, in porttitor pede justo eu massa. Donec dapibus.	23	810
364	2017-12-08	Nunc rhoncus dui vel sem. Sed sagittis. Nam congue, risus semper porta volutpat, quam pede lobortis ligula, sit amet eleifend pede libero quis orci.	25	951
365	2017-11-06	Suspendisse ornare consequat lectus.	77	242
366	2018-06-30	Etiam pretium iaculis justo.	55	948
367	2018-04-11	Sed accumsan felis. Ut at dolor quis odio consequat varius.	92	144
368	2018-01-21	Donec ut dolor. Morbi vel lectus in quam fringilla rhoncus. Mauris enim leo, rhoncus sed, vestibulum sit amet, cursus id, turpis.	6	179
369	2017-08-03	Morbi non lectus. Aliquam sit amet diam in magna bibendum imperdiet.	78	923
370	2017-09-01	Nullam sit amet turpis elementum ligula vehicula consequat. Morbi a ipsum.	14	502
371	2018-06-23	Duis bibendum. Morbi non quam nec dui luctus rutrum. Nulla tellus.	28	487
372	2018-04-20	Aenean sit amet justo.	96	236
373	2018-04-30	Lorem ipsum dolor sit amet, consectetuer adipiscing elit.	68	9
374	2018-06-04	Suspendisse potenti. In eleifend quam a odio. In hac habitasse platea dictumst.	68	923
375	2017-07-21	Nulla justo.	65	471
376	2018-07-03	Vestibulum ante ipsum primis in faucibus orci luctus et ultrices posuere cubilia Curae; Duis faucibus accumsan odio. Curabitur convallis. Duis consequat dui nec nisi volutpat eleifend.	72	564
377	2017-09-24	Nam nulla. Integer pede justo, lacinia eget, tincidunt eget, tempus vel, pede. Morbi porttitor lorem id ligula.	18	444
378	2018-06-16	In hac habitasse platea dictumst. Maecenas ut massa quis augue luctus tincidunt.	23	146
379	2017-10-27	Integer non velit. Donec diam neque, vestibulum eget, vulputate ut, ultrices vel, augue. Vestibulum ante ipsum primis in faucibus orci luctus et ultrices posuere cubilia Curae.	17	711
382	2018-04-12	Proin interdum mauris non ligula pellentesque ultrices.	99	524
383	2018-03-16	Nulla mollis molestie lorem.	68	914
384	2017-08-05	Duis ac nibh.	5	81
385	2017-07-31	Aenean lectus.	79	283
386	2018-06-06	Nam congue, risus semper porta volutpat, quam pede lobortis ligula, sit amet eleifend pede libero quis orci.	97	974
387	2017-11-24	Duis bibendum, felis sed interdum venenatis, turpis enim blandit mi, in porttitor pede justo eu massa. Donec dapibus.	93	231
388	2017-09-29	Morbi a ipsum. Integer a nibh.	55	672
389	2018-03-04	Fusce congue, diam id ornare imperdiet, sapien urna pretium nisl, ut volutpat sapien arcu sed augue. Aliquam erat volutpat.	48	228
390	2018-03-21	Donec ut mauris eget massa tempor convallis. Nulla neque libero, convallis eget, eleifend luctus, ultricies eu, nibh.	67	422
391	2017-12-20	Aliquam quis turpis eget elit sodales scelerisque.	42	457
392	2017-08-25	Integer tincidunt ante vel ipsum. Praesent blandit lacinia erat.	14	659
393	2017-08-26	Nunc purus. Phasellus in felis. Donec semper sapien a libero.	96	978
394	2018-05-10	In eleifend quam a odio. In hac habitasse platea dictumst. Maecenas ut massa quis augue luctus tincidunt.	69	375
395	2017-06-10	Cras pellentesque volutpat dui.	48	91
396	2018-05-08	In blandit ultrices enim. Lorem ipsum dolor sit amet, consectetuer adipiscing elit. Proin interdum mauris non ligula pellentesque ultrices.	39	206
397	2018-03-13	Praesent blandit.	98	68
398	2017-07-27	Morbi non lectus. Aliquam sit amet diam in magna bibendum imperdiet. Nullam orci pede, venenatis non, sodales sed, tincidunt eu, felis.	40	465
399	2017-06-23	Praesent blandit. Nam nulla.	28	145
400	2018-01-31	Suspendisse potenti. Cras in purus eu magna vulputate luctus. Cum sociis natoque penatibus et magnis dis parturient montes, nascetur ridiculus mus.	57	236
401	2018-01-16	Vestibulum ac est lacinia nisi venenatis tristique. Fusce congue, diam id ornare imperdiet, sapien urna pretium nisl, ut volutpat sapien arcu sed augue. Aliquam erat volutpat.	99	841
402	2017-07-14	Praesent blandit lacinia erat.	60	815
403	2017-12-17	Nulla suscipit ligula in lacus. Curabitur at ipsum ac tellus semper interdum. Mauris ullamcorper purus sit amet nulla.	76	573
404	2018-06-26	Praesent blandit. Nam nulla. Integer pede justo, lacinia eget, tincidunt eget, tempus vel, pede.	44	920
405	2017-08-06	Praesent blandit lacinia erat.	21	765
406	2018-05-05	Donec diam neque, vestibulum eget, vulputate ut, ultrices vel, augue. Vestibulum ante ipsum primis in faucibus orci luctus et ultrices posuere cubilia Curae; Donec pharetra.	73	670
407	2018-06-12	Cras pellentesque volutpat dui. Maecenas tristique, est et tempus semper, est quam pharetra magna, ac consequat metus sapien ut nunc. Vestibulum ante ipsum primis in faucib.	37	857
408	2018-03-06	Proin at turpis a pede posuere nonummy. Integer non velit. Donec diam neque, vestibulum eget, vulputate ut, ultrices vel, augue.	23	496
409	2018-06-01	Cras in purus eu magna vulputate luctus. Cum sociis natoque penatibus et magnis dis parturient montes, nascetur ridiculus mus.	73	648
410	2018-06-30	Integer ac leo.	18	501
411	2017-06-29	Morbi porttitor lorem id ligula. Suspendisse ornare consequat lectus.	78	18
412	2017-10-05	Sed vel enim sit amet nunc viverra dapibus.	33	72
413	2018-01-01	Vivamus in felis eu sapien cursus vestibulum. Proin eu mi. Nulla ac enim.	91	909
414	2018-06-08	Pellentesque viverra pede ac diam. Cras pellentesque volutpat dui.	95	914
415	2017-07-10	Morbi a ipsum.	25	92
416	2017-07-26	In congue.	4	722
417	2017-07-12	Nullam sit amet turpis elementum ligula vehicula consequat. Morbi a ipsum. Integer a nibh.	93	266
418	2018-04-15	Maecenas pulvinar lobortis est. Phasellus sit amet erat. Nulla tempus.	18	643
419	2017-11-02	Praesent blandit lacinia erat. Vestibulum sed magna at nunc commodo placerat. Praesent blandit.	5	769
420	2017-07-14	Praesent lectus.	100	916
421	2018-03-20	Duis bibendum, felis sed interdum venenatis, turpis enim blandit mi, in porttitor pede justo eu massa. Donec dapibus. Duis at velit eu est congue elementum.	98	738
422	2017-07-06	Morbi ut odio.	61	770
423	2017-07-13	Nam dui.	66	857
424	2018-02-07	Cras non velit nec nisi vulputate nonummy. Maecenas tincidunt lacus at velit.	64	509
425	2017-06-17	Sed vel enim sit amet nunc viverra dapibus. Nulla suscipit ligula in lacus.	16	57
426	2017-11-27	Duis aliquam convallis nunc.	35	324
427	2017-10-16	Phasellus in felis. Donec semper sapien a libero.	52	126
428	2018-02-18	Proin at turpis a pede posuere nonummy. Integer non velit.	20	701
429	2018-04-01	Lorem ipsum dolor sit amet, consectetuer adipiscing elit. Proin risus. Praesent lectus.	70	921
430	2018-06-27	Vivamus vestibulum sagittis sapien. Cum sociis natoque penatibus et magnis dis parturient montes, nascetur ridiculus mus.	88	950
431	2018-05-17	Proin risus. Praesent lectus.	1	589
432	2017-11-19	Fusce consequat.	76	617
433	2017-09-26	Mauris lacinia sapien quis libero.	61	594
434	2017-07-04	Aliquam sit amet diam in magna bibendum imperdiet.	8	804
435	2018-03-14	Praesent blandit lacinia erat. Vestibulum sed magna at nunc commodo placerat.	47	478
436	2018-06-17	Aenean sit amet justo. Morbi ut odio.	37	300
437	2018-02-22	Nulla mollis molestie lorem.	14	876
438	2018-04-12	Curabitur at ipsum ac tellus semper interdum. Mauris ullamcorper purus sit amet nulla. Quisque arcu libero, rutrum ac, lobortis vel, dapibus at, diam.	28	132
439	2017-11-03	Nam congue, risus semper porta volutpat, quam pede lobortis ligula, sit amet eleifend pede libero quis orci. Nullam molestie nibh in lectus.	57	950
440	2018-01-26	Pellentesque at nulla. Suspendisse potenti. Cras in purus eu magna vulputate luctus.	13	973
441	2017-08-23	Morbi sem mauris, laoreet ut, rhoncus aliquet, pulvinar sed, nisl.	87	676
442	2017-06-30	Proin risus. Praesent lectus.	16	1000
443	2017-09-02	Proin at turpis a pede posuere nonummy. Integer non velit.	1	263
444	2018-02-24	Donec odio justo, sollicitudin ut, suscipit a, feugiat et, eros. Vestibulum ac est lacinia nisi venenatis tristique.	89	508
445	2018-01-29	Donec ut dolor. Morbi vel lectus in quam fringilla rhoncus.	47	523
446	2017-11-04	Quisque ut erat. Curabitur gravida nisi at nibh. In hac habitasse platea dictumst.	99	320
447	2017-07-12	Vivamus vestibulum sagittis sapien. Cum sociis natoque penatibus et magnis dis parturient montes, nascetur ridiculus mus. Etiam vel augue.	100	682
511	2018-04-13	Aliquam erat volutpat.	6	174
448	2017-09-19	Duis mattis egestas metus. Aenean fermentum.	14	617
449	2018-02-01	Integer tincidunt ante vel ipsum. Praesent blandit lacinia erat.	64	138
450	2018-01-26	Sed sagittis. Nam congue, risus semper porta volutpat, quam pede lobortis ligula, sit amet eleifend pede libero quis orci.	35	715
451	2018-02-09	Duis mattis egestas metus.	12	78
452	2017-08-12	Duis ac nibh.	69	952
453	2017-09-29	Sed vel enim sit amet nunc viverra dapibus. Nulla suscipit ligula in lacus.	19	675
454	2018-03-19	Suspendisse potenti.	49	111
455	2017-11-05	Quisque erat eros, viverra eget, congue eget, semper rutrum, nulla. Nunc purus.	89	982
456	2018-04-14	Vestibulum ac est lacinia nisi venenatis tristique. Fusce congue, diam id ornare imperdiet, sapien urna pretium nisl, ut volutpat sapien arcu sed augue.	97	394
457	2017-07-28	Quisque erat eros, viverra eget, congue eget, semper rutrum, nulla. Nunc purus. Phasellus in felis.	65	628
458	2018-06-23	Nam ultrices, libero non mattis pulvinar, nulla pede ullamcorper augue, a suscipit nulla elit ac nulla. Sed vel enim sit amet nunc viverra dapibus.	33	969
459	2018-01-03	Aliquam quis turpis eget elit sodales scelerisque.	93	117
460	2018-05-17	Nullam orci pede, venenatis non, sodales sed, tincidunt eu, felis.	31	673
461	2018-04-20	In tempor, turpis nec euismod scelerisque, quam turpis adipiscing lorem, vitae mattis nibh ligula nec sem. Duis aliquam convallis nunc.	15	526
462	2017-10-21	Integer a nibh.	20	210
463	2018-01-15	Morbi non lectus. Aliquam sit amet diam in magna bibendum imperdiet.	27	37
464	2017-10-01	In eleifend quam a odio. In hac habitasse platea dictumst. Maecenas ut massa quis augue luctus tincidunt.	51	232
465	2018-03-15	Donec ut dolor. Morbi vel lectus in quam fringilla rhoncus. Mauris enim leo, rhoncus sed, vestibulum sit amet, cursus id, turpis.	3	667
466	2017-12-02	Nulla neque libero, convallis eget, eleifend luctus, ultricies eu, nibh.	68	27
467	2017-10-31	In tempor, turpis nec euismod scelerisque, quam turpis adipiscing lorem, vitae mattis nibh ligula nec sem. Duis aliquam convallis nunc.	15	636
468	2018-03-11	Curabitur at ipsum ac tellus semper interdum. Mauris ullamcorper purus sit amet nulla.	33	344
469	2017-07-08	Nullam porttitor lacus at turpis. Donec posuere metus vitae ipsum. Aliquam non mauris.	64	150
470	2018-02-01	In hac habitasse platea dictumst. Etiam faucibus cursus urna.	49	913
471	2017-08-20	Pellentesque eget nunc. Donec quis orci eget orci vehicula condimentum. Curabitur in libero ut massa volutpat convallis.	91	194
472	2017-11-12	Cum sociis natoque penatibus et magnis dis parturient montes, nascetur ridiculus mus.	14	420
473	2017-06-18	Aliquam erat volutpat. In congue. Etiam justo.	69	537
474	2018-01-03	Cras mi pede, malesuada in, imperdiet et, commodo vulputate, justo. In blandit ultrices enim.	72	961
475	2018-03-25	Vivamus vestibulum sagittis sapien.	21	813
476	2017-11-26	Duis bibendum. Morbi non quam nec dui luctus rutrum. Nulla tellus.	28	396
477	2017-06-24	Maecenas rhoncus aliquam lacus.	80	120
478	2017-10-12	Aenean sit amet justo. Morbi ut odio.	34	412
479	2017-09-30	Vestibulum ante ipsum primis in faucibus orci luctus et ultrices posuere cubilia Curae; Nulla dapibus dolor vel est.	67	728
480	2018-04-02	Morbi ut odio. Cras mi pede, malesuada in, imperdiet et, commodo vulputate, justo.	10	126
481	2018-06-19	Vivamus in felis eu sapien cursus vestibulum.	46	116
482	2018-06-06	Phasellus id sapien in sapien iaculis congue. Vivamus metus arcu, adipiscing molestie, hendrerit at, vulputate vitae, nisl. Aenean lectus.	2	371
483	2018-01-04	Donec quis orci eget orci vehicula condimentum. Curabitur in libero ut massa volutpat convallis.	89	286
484	2017-11-09	Fusce posuere felis sed lacus.	43	10
485	2017-12-13	In hac habitasse platea dictumst. Etiam faucibus cursus urna. Ut tellus.	65	648
486	2017-08-08	In hac habitasse platea dictumst. Etiam faucibus cursus urna.	11	260
487	2018-03-18	Etiam vel augue.	40	299
488	2017-07-13	Maecenas ut massa quis augue luctus tincidunt. Nulla mollis molestie lorem. Quisque ut erat.	13	973
489	2017-08-04	Nulla mollis molestie lorem.	9	412
490	2018-05-30	Nam ultrices, libero non mattis pulvinar, nulla pede ullamcorper augue, a suscipit nulla elit ac nulla. Sed vel enim sit amet nunc viverra dapibus.	96	809
491	2018-01-07	Vestibulum ante ipsum primis in faucibus orci luctus et ultrices posuere cubilia Curae; Mauris viverra diam vitae quam. Suspendisse potenti. Nullam porttitor lacus at turpis.	98	356
492	2018-05-23	Aliquam augue quam, sollicitudin vitae, consectetuer eget, rutrum at, lorem.	35	727
493	2017-08-06	Phasellus sit amet erat. Nulla tempus.	39	934
494	2017-11-03	Quisque id justo sit amet sapien dignissim vestibulum. Vestibulum ante ipsum primis in faucibus orci luctus et ultrices posuere cubilia Curae.	87	318
495	2018-06-01	Suspendisse potenti. Cras in purus eu magna vulputate luctus.	18	133
496	2017-11-06	Vivamus in felis eu sapien cursus vestibulum. Proin eu mi. Nulla ac enim.	10	91
497	2017-10-24	Mauris enim leo, rhoncus sed, vestibulum sit amet, cursus id, turpis.	80	805
498	2018-04-30	Phasellus id sapien in sapien iaculis congue. Vivamus metus arcu, adipiscing molestie, hendrerit at, vulputate vitae, nisl.	94	640
499	2017-12-10	Cum sociis natoque penatibus et magnis dis parturient montes, nascetur ridiculus mus. Vivamus vestibulum sagittis sapien.	40	517
500	2018-01-21	Integer tincidunt ante vel ipsum.	31	477
501	2018-02-19	In quis justo. Maecenas rhoncus aliquam lacus. Morbi quis tortor id nulla ultrices aliquet.	42	796
502	2017-09-10	Fusce consequat. Nulla nisl. Nunc nisl.	74	187
503	2018-02-17	Donec semper sapien a libero. Nam dui.	80	910
504	2018-05-02	Nam congue, risus semper porta volutpat, quam pede lobortis ligula, sit amet eleifend pede libero quis orci.	49	215
505	2017-12-26	Donec dapibus.	9	143
506	2017-11-29	Fusce congue, diam id ornare imperdiet, sapien urna pretium nisl, ut volutpat sapien arcu sed augue. Aliquam erat volutpat.	90	677
507	2017-08-14	Etiam justo. Etiam pretium iaculis justo. In hac habitasse platea dictumst.	18	768
508	2018-01-22	Morbi non quam nec dui luctus rutrum.	88	84
509	2017-08-24	Vestibulum ante ipsum primis in faucibus orci luctus et ultrices posuere cubilia Curae; Donec pharetra, magna vestibulum.	6	440
510	2017-08-11	Vestibulum quam sapien, varius ut, blandit non, interdum in, ante. Vestibulum ante ipsum primis in faucibus orci luctus et ultrices posuere cubilia Curae; Duis faucibus accumsan odio. Curabitur convallis.	21	972
512	2018-05-02	Praesent blandit lacinia erat. Vestibulum sed magna at nunc commodo placerat. Praesent blandit.	93	862
513	2017-07-19	Nulla tempus. Vivamus in felis eu sapien cursus vestibulum. Proin eu mi.	44	408
514	2018-03-17	Nam ultrices, libero non mattis pulvinar, nulla pede ullamcorper augue, a suscipit nulla elit ac nulla. Sed vel enim sit amet nunc viverra dapibus.	90	460
515	2017-06-19	Praesent id massa id nisl venenatis lacinia. Aenean sit amet justo.	66	900
516	2018-02-04	Curabitur gravida nisi at nibh.	61	125
517	2018-04-25	Nunc purus.	67	986
518	2018-06-20	Vestibulum ante ipsum primis in faucibus orci luctus et ultrices posuere cubilia Curae; Duis faucibus accumsan odio.	52	160
519	2018-01-11	Nulla mollis molestie lorem. Quisque ut erat. Curabitur gravida nisi at nibh.	74	753
520	2017-11-18	Nullam porttitor lacus at turpis. Donec posuere metus vitae ipsum. Aliquam non mauris.	78	359
521	2017-07-23	Ut tellus.	2	738
522	2017-11-01	In hac habitasse platea dictumst. Aliquam augue quam, sollicitudin vitae, consectetuer eget, rutrum at, lorem. Integer tincidunt ante vel ipsum.	93	386
523	2017-12-04	Proin eu mi. Nulla ac enim.	62	437
524	2018-06-23	Donec ut dolor. Morbi vel lectus in quam fringilla rhoncus.	19	729
525	2017-09-07	Vestibulum quam sapien, varius ut, blandit non, interdum in, ante. Vestibulum ante ipsum primis in faucibus orci luctus et ultrices posuere cubilia Curae; Duis faucibus accumsan odio. Curabitur convallis.	36	53
526	2018-05-18	Donec ut mauris eget massa tempor convallis.	17	135
527	2017-10-05	Cras mi pede, malesuada in, imperdiet et, commodo vulputate, justo. In blandit ultrices enim. Lorem ipsum dolor sit amet, consectetuer adipiscing elit.	72	762
528	2017-12-12	Nulla nisl.	21	603
529	2018-04-24	Vivamus tortor. Duis mattis egestas metus.	38	281
530	2018-04-04	Vestibulum ante ipsum primis in faucibus orci luctus et ultrices posuere cubilia Curae; Donec pharetra, magna vestibulum aliquet ultrice.	57	781
531	2017-08-27	Duis bibendum. Morbi non quam nec dui luctus rutrum.	95	860
532	2018-07-07	Morbi ut odio. Cras mi pede, malesuada in, imperdiet et, commodo vulputate, justo.	87	895
533	2017-06-22	Maecenas rhoncus aliquam lacus. Morbi quis tortor id nulla ultrices aliquet.	21	98
534	2018-02-15	Vestibulum rutrum rutrum neque. Aenean auctor gravida sem. Praesent id massa id nisl venenatis lacinia.	94	666
535	2018-01-29	Nullam orci pede, venenatis non, sodales sed, tincidunt eu, felis. Fusce posuere felis sed lacus.	37	830
536	2017-12-18	Aliquam augue quam, sollicitudin vitae, consectetuer eget, rutrum at, lorem. Integer tincidunt ante vel ipsum.	56	122
537	2017-10-08	Suspendisse ornare consequat lectus. In est risus, auctor sed, tristique in, tempus sit amet, sem. Fusce consequat.	70	902
538	2018-01-12	Etiam pretium iaculis justo. In hac habitasse platea dictumst.	61	379
539	2017-11-10	Quisque ut erat.	70	247
540	2017-11-18	Donec posuere metus vitae ipsum. Aliquam non mauris.	100	141
541	2017-11-18	Fusce consequat. Nulla nisl.	85	966
542	2018-05-29	Aenean sit amet justo. Morbi ut odio. Cras mi pede, malesuada in, imperdiet et, commodo vulputate, justo.	97	475
543	2017-06-21	Curabitur convallis.	19	877
544	2017-06-14	Duis aliquam convallis nunc.	89	273
545	2017-08-01	In congue. Etiam justo.	5	819
546	2018-07-02	Nulla ac enim. In tempor, turpis nec euismod scelerisque, quam turpis adipiscing lorem, vitae mattis nibh ligula nec sem.	53	239
547	2018-04-02	Fusce congue, diam id ornare imperdiet, sapien urna pretium nisl, ut volutpat sapien arcu sed augue. Aliquam erat volutpat.	16	491
548	2018-06-24	Suspendisse potenti.	88	152
549	2018-02-18	Etiam vel augue. Vestibulum rutrum rutrum neque. Aenean auctor gravida sem.	72	345
550	2018-02-27	Aenean lectus. Pellentesque eget nunc. Donec quis orci eget orci vehicula condimentum.	49	959
551	2017-12-09	Duis ac nibh. Fusce lacus purus, aliquet at, feugiat non, pretium quis, lectus.	6	608
552	2017-07-31	In blandit ultrices enim.	52	206
553	2017-08-13	Mauris sit amet eros.	97	68
554	2017-09-01	Quisque ut erat. Curabitur gravida nisi at nibh.	5	158
555	2018-03-23	Aliquam erat volutpat. In congue.	32	613
556	2017-10-12	Phasellus in felis. Donec semper sapien a libero. Nam dui.	73	840
557	2018-03-13	Vivamus vestibulum sagittis sapien. Cum sociis natoque penatibus et magnis dis parturient montes, nascetur ridiculus mus.	93	454
558	2017-08-31	Vivamus in felis eu sapien cursus vestibulum.	83	684
559	2017-11-08	Cras non velit nec nisi vulputate nonummy. Maecenas tincidunt lacus at velit.	72	805
560	2018-01-26	Fusce consequat. Nulla nisl.	5	853
561	2017-08-20	Phasellus in felis. Donec semper sapien a libero. Nam dui.	58	169
562	2017-06-17	Fusce congue, diam id ornare imperdiet, sapien urna pretium nisl, ut volutpat sapien arcu sed augue. Aliquam erat volutpat. In congue.	74	457
563	2017-10-02	Nam nulla.	75	775
564	2018-05-23	In hac habitasse platea dictumst.	38	166
565	2018-06-02	Mauris ullamcorper purus sit amet nulla. Quisque arcu libero, rutrum ac, lobortis vel, dapibus at, diam.	28	374
566	2017-08-08	Nunc nisl.	51	319
567	2018-01-29	Pellentesque eget nunc. Donec quis orci eget orci vehicula condimentum. Curabitur in libero ut massa volutpat convallis.	17	182
568	2018-03-19	Suspendisse potenti. Nullam porttitor lacus at turpis.	22	460
569	2018-05-19	In hac habitasse platea dictumst. Etiam faucibus cursus urna.	6	343
570	2018-04-16	Curabitur gravida nisi at nibh.	27	217
571	2017-07-10	Mauris enim leo, rhoncus sed, vestibulum sit amet, cursus id, turpis. Integer aliquet, massa id lobortis convallis.	93	186
572	2018-04-09	Vestibulum ante ipsum primis in faucibus orci luctus et ultrices posuere cubilia Curae; Nulla dapibus dolor vel est.	35	471
573	2017-08-03	Vestibulum ante ipsum primis in faucibus orci luctus et ultrices posuere cubilia Curae; Duis faucibus accumsan odio. Curabitur convallis. Duis consequat dui nec nisi volutpat eleifend.	54	360
574	2018-02-04	Integer pede justo, lacinia eget, tincidunt eget, tempus vel, pede.	82	701
575	2018-05-07	Vestibulum quam sapien, varius ut, blandit non, interdum in, ante. Vestibulum ante ipsum primis in faucibus orci luctus et ultrices posuere cubilia Curae; Duis faucibus accumsan odio.	80	185
576	2017-10-24	Morbi ut odio. Cras mi pede, malesuada in, imperdiet et, commodo vulputate, justo.	52	368
577	2018-01-16	Morbi odio odio, elementum eu, interdum eu, tincidunt in, leo. Maecenas pulvinar lobortis est. Phasellus sit amet erat.	12	423
578	2017-09-19	Curabitur in libero ut massa volutpat convallis. Morbi odio odio, elementum eu, interdum eu, tincidunt in, leo. Maecenas pulvinar lobortis est.	25	732
579	2017-10-02	Cum sociis natoque penatibus et magnis dis parturient montes, nascetur ridiculus mus. Vivamus vestibulum sagittis sapien.	14	6
580	2018-07-03	Cum sociis natoque penatibus et magnis dis parturient montes, nascetur ridiculus mus.	91	714
581	2017-11-29	Cras non velit nec nisi vulputate nonummy. Maecenas tincidunt lacus at velit. Vivamus vel nulla eget eros elementum pellentesque.	83	948
582	2018-05-12	Pellentesque eget nunc.	18	351
583	2017-11-29	Curabitur in libero ut massa volutpat convallis.	30	455
584	2017-10-04	Lorem ipsum dolor sit amet, consectetuer adipiscing elit.	26	924
585	2018-01-27	In blandit ultrices enim.	57	234
586	2018-01-13	Donec ut mauris eget massa tempor convallis. Nulla neque libero, convallis eget, eleifend luctus, ultricies eu, nibh.	26	751
587	2017-12-23	Quisque erat eros, viverra eget, congue eget, semper rutrum, nulla. Nunc purus. Phasellus in felis.	78	355
588	2018-04-01	Aenean fermentum. Donec ut mauris eget massa tempor convallis.	16	992
589	2017-09-24	Nulla mollis molestie lorem.	47	209
590	2017-08-16	Mauris ullamcorper purus sit amet nulla.	10	365
591	2018-04-23	Nulla ut erat id mauris vulputate elementum. Nullam varius.	12	474
592	2018-06-09	Proin interdum mauris non ligula pellentesque ultrices.	85	410
593	2018-03-06	Vestibulum ante ipsum primis in faucibus orci luctus et ultrices posuere cubilia Curae; Duis faucibus accumsan odio.	82	495
594	2018-02-19	Donec ut mauris eget massa tempor convallis. Nulla neque libero, convallis eget, eleifend luctus, ultricies eu, nibh.	14	53
595	2018-03-04	Integer ac neque.	27	261
596	2017-09-25	Sed ante.	76	27
597	2017-07-11	Donec diam neque, vestibulum eget, vulputate ut, ultrices vel, augue.	18	679
598	2017-11-24	Integer pede justo, lacinia eget, tincidunt eget, tempus vel, pede. Morbi porttitor lorem id ligula.	62	503
599	2018-03-08	Morbi vel lectus in quam fringilla rhoncus. Mauris enim leo, rhoncus sed, vestibulum sit amet, cursus id, turpis. Integer aliquet.	39	830
600	2018-06-26	Sed accumsan felis. Ut at dolor quis odio consequat varius.	77	29
601	2017-08-09	Aliquam non mauris. Morbi non lectus. Aliquam sit amet diam in magna bibendum imperdiet.	31	144
602	2017-12-29	Quisque porta volutpat erat. Quisque erat eros, viverra eget, congue eget, semper rutrum, nulla. Nunc purus.	91	691
603	2018-07-07	In hac habitasse platea dictumst. Morbi vestibulum, velit id pretium iaculis, diam erat fermentum justo, nec condimentum neque sapien placerat ante. Nulla justo.	6	943
604	2017-07-28	Lorem ipsum dolor sit amet, consectetuer adipiscing elit. Proin risus. Praesent lectus.	40	274
605	2018-02-18	Morbi quis tortor id nulla ultrices aliquet.	67	210
606	2018-02-03	In est risus, auctor sed, tristique in, tempus sit amet, sem. Fusce consequat.	28	559
607	2017-09-01	Integer ac neque. Duis bibendum.	29	198
608	2018-05-06	Maecenas tristique, est et tempus semper, est quam pharetra magna, ac consequat metus sapien ut nunc.	77	69
609	2017-06-12	Fusce lacus purus, aliquet at, feugiat non, pretium quis, lectus. Suspendisse potenti.	35	365
610	2018-05-23	Quisque porta volutpat erat. Quisque erat eros, viverra eget, congue eget, semper rutrum, nulla.	96	273
611	2017-08-29	Proin leo odio, porttitor id, consequat in, consequat ut, nulla. Sed accumsan felis. Ut at dolor quis odio consequat varius.	2	516
612	2018-01-16	Vestibulum ante ipsum primis in faucibus orci luctus et ultrices posuere cubilia Curae; Donec pharetra, magna vestibulum aliquet.	37	494
613	2017-06-19	Donec dapibus. Duis at velit eu est congue elementum.	44	289
614	2017-07-25	Proin leo odio, porttitor id, consequat in, consequat ut, nulla. Sed accumsan felis.	64	311
615	2018-03-24	In congue. Etiam justo. Etiam pretium iaculis justo.	36	506
616	2017-10-25	Nullam orci pede, venenatis non, sodales sed, tincidunt eu, felis. Fusce posuere felis sed lacus.	33	495
617	2018-03-23	Nullam varius. Nulla facilisi.	80	21
618	2017-07-23	Morbi a ipsum.	41	629
619	2018-06-19	Nulla neque libero, convallis eget, eleifend luctus, ultricies eu, nibh. Quisque id justo sit amet sapien dignissim vestibulum.	52	937
620	2017-12-06	Nullam varius.	45	80
621	2017-08-10	Donec odio justo, sollicitudin ut, suscipit a, feugiat et, eros. Vestibulum ac est lacinia nisi venenatis tristique.	26	366
622	2018-01-10	Donec vitae nisi.	25	532
623	2018-06-28	Sed accumsan felis.	68	228
624	2018-01-04	Aenean auctor gravida sem.	10	194
625	2017-07-29	Vestibulum ante ipsum primis in faucibus orci luctus et ultrices posuere cubilia Curae; Nulla dapibus dolor vel est. Donec odio justo.	69	459
626	2017-06-20	Maecenas leo odio, condimentum id, luctus nec, molestie sed, justo.	1	982
627	2017-08-10	Praesent id massa id nisl venenatis lacinia. Aenean sit amet justo. Morbi ut odio.	57	627
628	2017-11-09	Etiam pretium iaculis justo. In hac habitasse platea dictumst.	25	703
629	2017-10-07	Nunc rhoncus dui vel sem.	88	384
630	2017-10-31	Morbi odio odio, elementum eu, interdum eu, tincidunt in, leo.	62	920
631	2017-12-02	In quis justo. Maecenas rhoncus aliquam lacus.	47	524
632	2017-08-12	Mauris enim leo, rhoncus sed, vestibulum sit amet, cursus id, turpis.	15	774
633	2017-11-25	Nullam orci pede, venenatis non, sodales sed, tincidunt eu, felis. Fusce posuere felis sed lacus.	94	193
634	2018-04-26	Curabitur gravida nisi at nibh. In hac habitasse platea dictumst.	42	279
635	2017-07-05	Maecenas pulvinar lobortis est. Phasellus sit amet erat. Nulla tempus.	95	155
636	2018-02-12	Aenean auctor gravida sem. Praesent id massa id nisl venenatis lacinia. Aenean sit amet justo.	57	95
637	2018-06-11	Quisque arcu libero, rutrum ac, lobortis vel, dapibus at, diam.	73	602
638	2017-08-19	Praesent lectus. Vestibulum quam sapien, varius ut, blandit non, interdum in, ante. Vestibulum ante ipsum primis in faucibus o.	73	576
639	2017-09-08	Lorem ipsum dolor sit amet, consectetuer adipiscing elit.	94	530
640	2017-08-25	Vestibulum ante ipsum primis in faucibus orci luctus et ultrices posuere cubilia Curae; Duis faucibus accumsan odio. Curabitur convallis. .	18	828
641	2018-05-01	Vestibulum ante ipsum primis in faucibus orci luctus et ultrices posuere cubilia Curae; Donec pharetra, magna vestibulum aliquet ultrices, .	80	58
642	2017-07-31	Suspendisse accumsan tortor quis turpis.	85	805
643	2017-12-09	Nulla ut erat id mauris vulputate elementum. Nullam varius.	75	706
644	2018-02-02	Praesent id massa id nisl venenatis lacinia. Aenean sit amet justo.	23	951
645	2018-03-10	Morbi non lectus.	1	126
646	2018-03-28	Integer tincidunt ante vel ipsum. Praesent blandit lacinia erat.	19	922
647	2018-03-02	In hac habitasse platea dictumst. Maecenas ut massa quis augue luctus tincidunt. Nulla mollis molestie lorem.	100	888
648	2018-02-11	In hac habitasse platea dictumst. Aliquam augue quam, sollicitudin vitae, consectetuer eget, rutrum at, lorem. Integer tincidunt ante vel ipsum.	82	285
649	2018-06-22	Quisque porta volutpat erat.	33	50
650	2018-03-28	Praesent id massa id nisl venenatis lacinia.	55	194
651	2017-06-15	Donec quis orci eget orci vehicula condimentum.	30	547
652	2018-03-29	Vestibulum ante ipsum primis in faucibus orci luctus et ultrices posuere cubilia Curae; Donec pharetra, magna vestibulum aliquet ultrices.	91	927
653	2017-10-22	Etiam vel augue.	78	694
654	2018-07-02	Maecenas rhoncus aliquam lacus. Morbi quis tortor id nulla ultrices aliquet. Maecenas leo odio, condimentum id, luctus nec, molestie sed, justo.	27	232
655	2018-07-02	Morbi sem mauris, laoreet ut, rhoncus aliquet, pulvinar sed, nisl. Nunc rhoncus dui vel sem.	81	281
656	2017-08-15	In hac habitasse platea dictumst.	11	963
657	2017-12-12	Aliquam non mauris. Morbi non lectus.	16	489
658	2017-08-14	Mauris lacinia sapien quis libero.	52	697
659	2017-10-09	Quisque erat eros, viverra eget, congue eget, semper rutrum, nulla.	84	641
660	2018-01-08	Maecenas leo odio, condimentum id, luctus nec, molestie sed, justo. Pellentesque viverra pede ac diam. Cras pellentesque volutpat dui.	75	176
661	2017-08-05	Proin eu mi. Nulla ac enim. In tempor, turpis nec euismod scelerisque, quam turpis adipiscing lorem, vitae mattis nibh ligula nec sem.	59	89
662	2017-07-25	Integer pede justo, lacinia eget, tincidunt eget, tempus vel, pede. Morbi porttitor lorem id ligula. Suspendisse ornare consequat lectus.	71	655
663	2018-03-02	Maecenas tincidunt lacus at velit.	62	668
664	2017-07-08	Donec dapibus.	1	256
665	2017-11-27	Morbi porttitor lorem id ligula.	71	805
666	2018-04-03	Integer ac neque. Duis bibendum. Morbi non quam nec dui luctus rutrum.	37	793
667	2018-04-18	Nulla nisl. Nunc nisl. Duis bibendum, felis sed interdum venenatis, turpis enim blandit mi, in porttitor pede justo eu massa.	91	746
668	2018-01-30	Proin interdum mauris non ligula pellentesque ultrices. Phasellus id sapien in sapien iaculis congue. Vivamus metus arcu, adipiscing molestie, hendrerit at, vulputate vitae, nisl.	62	952
669	2018-06-18	Sed accumsan felis. Ut at dolor quis odio consequat varius. Integer ac leo.	73	195
670	2018-07-09	Aenean sit amet justo. Morbi ut odio.	66	338
671	2018-07-09	Nulla tempus. Vivamus in felis eu sapien cursus vestibulum. Proin eu mi.	75	325
672	2018-03-23	Duis consequat dui nec nisi volutpat eleifend. Donec ut dolor.	18	936
673	2018-04-30	Duis aliquam convallis nunc.	79	359
674	2017-06-25	In hac habitasse platea dictumst.	6	62
675	2018-04-24	Lorem ipsum dolor sit amet, consectetuer adipiscing elit. Proin interdum mauris non ligula pellentesque ultrices.	6	457
676	2018-01-31	Donec ut mauris eget massa tempor convallis.	61	520
677	2017-07-03	Nunc nisl. Duis bibendum, felis sed interdum venenatis, turpis enim blandit mi, in porttitor pede justo eu massa.	55	688
678	2018-01-02	Aenean lectus. Pellentesque eget nunc. Donec quis orci eget orci vehicula condimentum.	28	685
679	2017-07-23	Sed ante. Vivamus tortor. Duis mattis egestas metus.	86	848
680	2017-10-11	Praesent id massa id nisl venenatis lacinia.	12	666
681	2018-06-20	Maecenas tincidunt lacus at velit.	76	707
682	2018-01-04	In eleifend quam a odio. In hac habitasse platea dictumst.	50	760
683	2018-06-19	Morbi odio odio, elementum eu, interdum eu, tincidunt in, leo. Maecenas pulvinar lobortis est.	66	142
684	2018-05-25	Cum sociis natoque penatibus et magnis dis parturient montes, nascetur ridiculus mus.	6	885
685	2017-09-12	Duis at velit eu est congue elementum. In hac habitasse platea dictumst.	83	628
686	2018-02-07	Integer tincidunt ante vel ipsum.	77	631
687	2018-05-18	Nulla justo. Aliquam quis turpis eget elit sodales scelerisque.	51	848
688	2018-06-27	Donec posuere metus vitae ipsum.	29	119
689	2017-08-20	Vestibulum rutrum rutrum neque. Aenean auctor gravida sem.	58	269
690	2018-06-03	Nunc nisl. Duis bibendum, felis sed interdum venenatis, turpis enim blandit mi, in porttitor pede justo eu massa. Donec dapibus.	2	179
691	2017-12-05	Vivamus metus arcu, adipiscing molestie, hendrerit at, vulputate vitae, nisl.	96	503
692	2017-06-24	Quisque ut erat.	40	450
693	2017-06-22	Aliquam erat volutpat. In congue.	56	786
694	2018-04-01	Pellentesque ultrices mattis odio. Donec vitae nisi. Nam ultrices, libero non mattis pulvinar, nulla pede ullamcorper augue, a suscipit nulla elit ac nulla.	22	868
695	2018-05-17	Integer pede justo, lacinia eget, tincidunt eget, tempus vel, pede.	80	864
696	2017-09-09	In congue. Etiam justo.	67	744
697	2017-08-04	Vestibulum ante ipsum primis in faucibus orci luctus et ultrices posuere cubilia Curae; Duis faucibus accumsan odio.	17	301
698	2017-08-24	Aenean fermentum. Donec ut mauris eget massa tempor convallis. Nulla neque libero, convallis eget, eleifend luctus, ultricies eu, nibh.	92	756
699	2017-07-27	Phasellus id sapien in sapien iaculis congue.	46	800
700	2018-03-03	Pellentesque viverra pede ac diam. Cras pellentesque volutpat dui. Maecenas tristique, est et tempus semper, est quam pharetra magna, ac consequat metus sapien ut nunc.	17	971
701	2017-09-02	Morbi sem mauris, laoreet ut, rhoncus aliquet, pulvinar sed, nisl. Nunc rhoncus dui vel sem. Sed sagittis.	73	178
702	2017-11-23	In est risus, auctor sed, tristique in, tempus sit amet, sem. Fusce consequat. Nulla nisl.	16	312
703	2018-01-18	Mauris lacinia sapien quis libero. Nullam sit amet turpis elementum ligula vehicula consequat. Morbi a ipsum.	19	443
704	2018-05-11	Fusce posuere felis sed lacus. Morbi sem mauris, laoreet ut, rhoncus aliquet, pulvinar sed, nisl. Nunc rhoncus dui vel sem.	22	132
705	2017-12-19	Aenean auctor gravida sem.	47	639
706	2017-12-10	Lorem ipsum dolor sit amet, consectetuer adipiscing elit. Proin risus. Praesent lectus.	10	361
707	2018-06-23	Morbi ut odio. Cras mi pede, malesuada in, imperdiet et, commodo vulputate, justo. In blandit ultrices enim.	97	984
708	2017-09-25	Proin leo odio, porttitor id, consequat in, consequat ut, nulla. Sed accumsan felis. Ut at dolor quis odio consequat varius.	13	315
709	2018-06-29	Ut tellus.	66	333
710	2018-04-08	Cras in purus eu magna vulputate luctus. Cum sociis natoque penatibus et magnis dis parturient montes, nascetur ridiculus mus. Vivamus vestibulum sagittis sapien.	49	572
711	2017-10-24	Nam dui. Proin leo odio, porttitor id, consequat in, consequat ut, nulla. Sed accumsan felis.	79	932
712	2017-09-18	Praesent lectus.	13	362
713	2017-12-17	Sed vel enim sit amet nunc viverra dapibus. Nulla suscipit ligula in lacus. Curabitur at ipsum ac tellus semper interdum.	43	709
714	2018-05-21	Duis consequat dui nec nisi volutpat eleifend. Donec ut dolor. Morbi vel lectus in quam fringilla rhoncus.	70	603
715	2017-11-20	Nullam sit amet turpis elementum ligula vehicula consequat. Morbi a ipsum.	64	477
716	2018-01-22	Aliquam augue quam, sollicitudin vitae, consectetuer eget, rutrum at, lorem. Integer tincidunt ante vel ipsum.	3	364
717	2018-06-04	Etiam vel augue.	90	612
718	2018-07-01	Praesent blandit. Nam nulla.	74	476
719	2018-03-05	Curabitur convallis. Duis consequat dui nec nisi volutpat eleifend.	49	467
720	2018-06-14	Integer a nibh.	46	923
721	2017-12-07	Cum sociis natoque penatibus et magnis dis parturient montes, nascetur ridiculus mus. Etiam vel augue. Vestibulum rutrum rutrum neque.	80	386
722	2018-01-29	Nulla tellus. In sagittis dui vel nisl.	45	921
723	2018-01-28	Aenean fermentum. Donec ut mauris eget massa tempor convallis. Nulla neque libero, convallis eget, eleifend luctus, ultricies eu, nibh.	87	111
724	2018-05-01	Etiam justo. Etiam pretium iaculis justo. In hac habitasse platea dictumst.	44	957
725	2017-12-17	Integer a nibh.	9	988
726	2017-08-27	Mauris lacinia sapien quis libero. Nullam sit amet turpis elementum ligula vehicula consequat.	2	972
727	2018-03-11	Donec posuere metus vitae ipsum.	97	992
728	2017-12-03	Nunc nisl. Duis bibendum, felis sed interdum venenatis, turpis enim blandit mi, in porttitor pede justo eu massa. Donec dapibus.	30	313
729	2017-07-01	Nulla neque libero, convallis eget, eleifend luctus, ultricies eu, nibh. Quisque id justo sit amet sapien dignissim vestibulumt.	76	790
730	2017-12-16	In blandit ultrices enim.	47	52
731	2017-07-18	Donec ut mauris eget massa tempor convallis. Nulla neque libero, convallis eget, eleifend luctus, ultricies eu, nibh. Quisque id justo sit amet sapien dignissim vestibulum.	9	997
732	2017-06-25	Donec ut dolor. Morbi vel lectus in quam fringilla rhoncus. Mauris enim leo, rhoncus sed, vestibulum sit amet, cursus id, turpis.	50	594
733	2018-05-26	Nullam sit amet turpis elementum ligula vehicula consequat.	10	896
734	2017-08-08	Vivamus vestibulum sagittis sapien. Cum sociis natoque penatibus et magnis dis parturient montes, nascetur ridiculus mus. Etiam vel augue.	25	273
735	2018-05-08	Morbi ut odio. Cras mi pede, malesuada in, imperdiet et, commodo vulputate, justo.	53	422
736	2017-09-13	Aenean fermentum.	94	744
737	2017-12-27	Quisque ut erat. Curabitur gravida nisi at nibh.	32	113
738	2018-02-15	Praesent id massa id nisl venenatis lacinia. Aenean sit amet justo. Morbi ut odio.	66	703
739	2018-03-15	Suspendisse potenti.	47	971
740	2017-12-01	Nulla ut erat id mauris vulputate elementum.	49	530
741	2017-09-29	Vivamus tortor.	72	673
742	2017-09-23	Morbi a ipsum. Integer a nibh. In quis justo.	45	105
743	2017-12-05	Mauris sit amet eros.	49	824
744	2017-07-20	Nunc rhoncus dui vel sem.	4	265
745	2018-01-28	Nulla tellus. In sagittis dui vel nisl. Duis ac nibh.	61	172
746	2017-09-01	Sed accumsan felis. Ut at dolor quis odio consequat varius. Integer ac leo.	75	986
747	2018-07-03	Fusce lacus purus, aliquet at, feugiat non, pretium quis, lectus. Suspendisse potenti.	56	306
748	2018-06-09	Nunc nisl. Duis bibendum, felis sed interdum venenatis, turpis enim blandit mi, in porttitor pede justo eu massa.	37	413
749	2017-07-13	In quis justo. Maecenas rhoncus aliquam lacus. Morbi quis tortor id nulla ultrices aliquet.	88	884
750	2018-06-20	In est risus, auctor sed, tristique in, tempus sit amet, sem. Fusce consequat.	84	624
751	2017-08-10	Mauris lacinia sapien quis libero. Nullam sit amet turpis elementum ligula vehicula consequat.	22	577
752	2018-03-01	Curabitur in libero ut massa volutpat convallis.	87	187
753	2017-12-11	Etiam justo. Etiam pretium iaculis justo.	9	966
754	2018-03-31	Aliquam augue quam, sollicitudin vitae, consectetuer eget, rutrum at, lorem. Integer tincidunt ante vel ipsum. Praesent blandit lacinia erat.	40	36
755	2017-09-03	Curabitur in libero ut massa volutpat convallis.	90	540
756	2017-09-14	Duis consequat dui nec nisi volutpat eleifend. Donec ut dolor. Morbi vel lectus in quam fringilla rhoncus.	59	367
757	2017-07-16	Donec quis orci eget orci vehicula condimentum. Curabitur in libero ut massa volutpat convallis.	1	96
758	2018-03-04	Praesent blandit lacinia erat. Vestibulum sed magna at nunc commodo placerat. Praesent blandit.	93	873
759	2017-10-03	Vestibulum rutrum rutrum neque. Aenean auctor gravida sem.	99	530
760	2017-10-13	Aenean auctor gravida sem. Praesent id massa id nisl venenatis lacinia. Aenean sit amet justo.	76	494
761	2018-07-01	Duis ac nibh. Fusce lacus purus, aliquet at, feugiat non, pretium quis, lectus. Suspendisse potenti.	5	747
762	2018-01-22	Vestibulum ac est lacinia nisi venenatis tristique. Fusce congue, diam id ornare imperdiet, sapien urna pretium nisl, ut volutpat sapien arcu sed augue.	65	576
763	2018-01-07	Lorem ipsum dolor sit amet, consectetuer adipiscing elit. Proin risus.	92	296
764	2017-10-09	Lorem ipsum dolor sit amet, consectetuer adipiscing elit. Proin interdum mauris non ligula pellentesque ultrices. Phasellus id sapien in sapien iaculis congue.	85	236
765	2017-12-20	Cras in purus eu magna vulputate luctus. Cum sociis natoque penatibus et magnis dis parturient montes, nascetur ridiculus mus.	69	129
766	2017-07-22	Proin leo odio, porttitor id, consequat in, consequat ut, nulla.	41	391
767	2018-05-19	Etiam justo. Etiam pretium iaculis justo. In hac habitasse platea dictumst.	30	34
768	2018-02-14	Morbi non lectus.	10	844
769	2017-06-21	Integer non velit. Donec diam neque, vestibulum eget, vulputate ut, ultrices vel, augue. Vestibulum ante ipsum primis in faucibus orci luctus et ul lobortis sapien sapien non mi.	76	388
770	2017-09-22	Vestibulum ante ipsum primis in faucibus orci luctus et ultrices posuere cubilia Curae; Nulla dapibus dolor vel est.	60	673
771	2017-11-21	Nulla tempus. Vivamus in felis eu sapien cursus vestibulum.	60	701
772	2017-12-10	Integer aliquet, massa id lobortis convallis, tortor risus dapibus augue, vel accumsan tellus nisi eu orci.	37	368
773	2018-04-29	Quisque arcu libero, rutrum ac, lobortis vel, dapibus at, diam. Nam tristique tortor eu pede.	72	89
774	2017-11-07	Vestibulum ante ipsum primis in faucibus orci luctus et ultrices posuere cubilia Curae; Nulla dapibus dolor vel est. Donec odio justo, sollicitudin ut, suscipit a, feugiat et, eros.	23	422
775	2017-07-01	Praesent id massa id nisl venenatis lacinia. Aenean sit amet justo.	70	620
776	2018-03-28	Sed sagittis. Nam congue, risus semper porta volutpat, quam pede lobortis ligula, sit amet eleifend pede libero quis orci. Nullam molestie nibh in lectus.	10	461
777	2018-01-01	Aenean fermentum. Donec ut mauris eget massa tempor convallis.	19	166
778	2017-11-09	Curabitur gravida nisi at nibh. In hac habitasse platea dictumst.	92	241
779	2018-03-11	Morbi non quam nec dui luctus rutrum. Nulla tellus.	67	690
780	2017-10-18	Ut tellus. Nulla ut erat id mauris vulputate elementum.	43	708
781	2017-07-05	Maecenas tincidunt lacus at velit. Vivamus vel nulla eget eros elementum pellentesque. Quisque porta volutpat erat.	13	584
782	2017-10-16	Donec ut dolor. Morbi vel lectus in quam fringilla rhoncus. Mauris enim leo, rhoncus sed, vestibulum sit amet, cursus id, turpis.	8	739
783	2018-04-14	Integer pede justo, lacinia eget, tincidunt eget, tempus vel, pede. Morbi porttitor lorem id ligula.	27	94
784	2018-06-20	Etiam vel augue. Vestibulum rutrum rutrum neque.	27	985
785	2017-08-19	Quisque erat eros, viverra eget, congue eget, semper rutrum, nulla. Nunc purus. Phasellus in felis.	17	621
786	2017-08-16	Pellentesque viverra pede ac diam. Cras pellentesque volutpat dui.	77	719
787	2017-07-23	Duis aliquam convallis nunc.	100	712
788	2018-02-26	Vestibulum ante ipsum primis in faucibus orci luctus et ultrices posuere cubilia Curae; Nulla dapibus dolor vel est.	51	291
789	2017-12-08	Morbi sem mauris, laoreet ut, rhoncus aliquet, pulvinar sed, nisl. Nunc rhoncus dui vel sem. Sed sagittis.	60	163
790	2017-09-29	Proin risus.	69	551
791	2017-10-20	Aenean fermentum. Donec ut mauris eget massa tempor convallis. Nulla neque libero, convallis eget, eleifend luctus, ultricies eu, nibh.	62	66
792	2017-11-02	Duis consequat dui nec nisi volutpat eleifend. Donec ut dolor.	61	136
793	2017-06-16	Mauris ullamcorper purus sit amet nulla.	6	161
794	2018-02-01	Sed sagittis. Nam congue, risus semper porta volutpat, quam pede lobortis ligula, sit amet eleifend pede libero quis orci. Nullam molestie nibh in lectus.	73	354
795	2018-06-24	Duis bibendum. Morbi non quam nec dui luctus rutrum.	10	409
796	2017-12-30	Donec dapibus.	24	938
797	2017-06-24	Cum sociis natoque penatibus et magnis dis parturient montes, nascetur ridiculus mus. Etiam vel augue. Vestibulum rutrum rutrum neque.	100	626
798	2017-06-15	Cras pellentesque volutpat dui.	95	480
799	2017-09-09	Fusce consequat. Nulla nisl. Nunc nisl.	27	491
800	2017-12-23	Etiam faucibus cursus urna.	44	647
801	2018-05-08	Etiam justo. Etiam pretium iaculis justo. In hac habitasse platea dictumst.	26	679
802	2018-01-28	Suspendisse ornare consequat lectus. In est risus, auctor sed, tristique in, tempus sit amet, sem.	81	230
803	2018-01-07	Donec odio justo, sollicitudin ut, suscipit a, feugiat et, eros.	12	655
804	2017-12-10	Nam dui.	96	673
805	2017-11-24	Pellentesque at nulla.	16	786
806	2017-10-21	Suspendisse accumsan tortor quis turpis. Sed ante.	65	663
807	2018-06-01	Nullam sit amet turpis elementum ligula vehicula consequat. Morbi a ipsum. Integer a nibh.	58	132
808	2018-02-09	Cras pellentesque volutpat dui.	35	506
809	2018-01-22	Morbi non quam nec dui luctus rutrum.	72	462
810	2017-12-03	In est risus, auctor sed, tristique in, tempus sit amet, sem. Fusce consequat. Nulla nisl.	78	69
811	2017-12-01	Proin eu mi. Nulla ac enim. In tempor, turpis nec euismod scelerisque, quam turpis adipiscing lorem, vitae mattis nibh ligula nec sem.	80	950
812	2017-12-30	Vivamus tortor. Duis mattis egestas metus.	24	5
813	2018-01-02	Vestibulum ante ipsum primis in faucibus orci luctus et ultrices posuere cubilia Curae; Duis faucibus accumsan odio.	32	751
814	2017-10-06	Duis at velit eu est congue elementum. In hac habitasse platea dictumst. Morbi vestibulum, velit id pretium iaculis, diam erat fermentum justo, nec condimentum neque sapien placerat ante.	15	296
815	2018-02-18	Mauris sit amet eros. Suspendisse accumsan tortor quis turpis.	16	340
816	2018-04-12	Maecenas rhoncus aliquam lacus. Morbi quis tortor id nulla ultrices aliquet. Maecenas leo odio, condimentum id, luctus nec, molestie sed, justo.	15	962
817	2017-08-05	Fusce congue, diam id ornare imperdiet, sapien urna pretium nisl, ut volutpat sapien arcu sed augue. Aliquam erat volutpat.	35	558
818	2017-12-22	Vivamus vel nulla eget eros elementum pellentesque.	34	941
819	2017-09-20	Fusce consequat. Nulla nisl. Nunc nisl.	5	696
820	2017-06-17	Nam nulla. Integer pede justo, lacinia eget, tincidunt eget, tempus vel, pede. Morbi porttitor lorem id ligula.	96	143
821	2018-03-07	Ut at dolor quis odio consequat varius. Integer ac leo.	65	146
822	2018-07-04	Mauris ullamcorper purus sit amet nulla. Quisque arcu libero, rutrum ac, lobortis vel, dapibus at, diam.	9	670
823	2018-04-07	Aliquam quis turpis eget elit sodales scelerisque. Mauris sit amet eros.	79	395
824	2017-12-10	Morbi ut odio.	80	487
825	2018-04-13	In hac habitasse platea dictumst.	24	649
826	2018-05-10	Vivamus in felis eu sapien cursus vestibulum.	29	945
827	2017-12-15	In hac habitasse platea dictumst. Maecenas ut massa quis augue luctus tincidunt. Nulla mollis molestie lorem.	73	31
828	2018-06-27	Integer aliquet, massa id lobortis convallis, tortor risus dapibus augue, vel accumsan tellus nisi eu orci. Mauris lacinia sapien quis libero.	63	97
829	2018-02-03	In hac habitasse platea dictumst.	73	325
830	2017-09-08	Etiam faucibus cursus urna.	73	909
831	2017-07-23	Integer pede justo, lacinia eget, tincidunt eget, tempus vel, pede.	51	468
832	2018-03-23	Curabitur in libero ut massa volutpat convallis. Morbi odio odio, elementum eu, interdum eu, tincidunt in, leo.	94	634
833	2017-11-16	Proin eu mi.	5	801
834	2018-05-09	Aliquam erat volutpat.	92	53
835	2017-09-29	Sed accumsan felis. Ut at dolor quis odio consequat varius.	85	564
836	2017-08-06	Mauris sit amet eros. Suspendisse accumsan tortor quis turpis.	60	925
837	2017-10-11	In hac habitasse platea dictumst.	48	283
838	2017-06-15	Vestibulum ante ipsum primis in faucibus orci luctus et ultrices posuere cubilia Curae; Duis faucibus accumsan odio. Curabitur convallis.	46	676
839	2017-08-22	Integer tincidunt ante vel ipsum. Praesent blandit lacinia erat.	58	627
840	2018-03-06	Proin interdum mauris non ligula pellentesque ultrices.	37	988
841	2017-08-15	Etiam vel augue.	3	305
842	2017-09-04	Donec dapibus. Duis at velit eu est congue elementum.	98	125
843	2017-12-27	Nam tristique tortor eu pede.	72	272
844	2017-10-08	Vestibulum sed magna at nunc commodo placerat.	28	147
845	2018-01-16	Maecenas rhoncus aliquam lacus. Morbi quis tortor id nulla ultrices aliquet. Maecenas leo odio, condimentum id, luctus nec, molestie sed, justo.	34	268
846	2018-06-15	Nulla facilisi. Cras non velit nec nisi vulputate nonummy. Maecenas tincidunt lacus at velit.	55	202
847	2017-09-04	Sed ante.	38	282
848	2017-09-03	Morbi sem mauris, laoreet ut, rhoncus aliquet, pulvinar sed, nisl.	91	940
849	2018-06-22	Aliquam sit amet diam in magna bibendum imperdiet. Nullam orci pede, venenatis non, sodales sed, tincidunt eu, felis.	26	267
850	2017-11-30	Proin leo odio, porttitor id, consequat in, consequat ut, nulla. Sed accumsan felis. Ut at dolor quis odio consequat varius.	23	592
851	2017-10-24	Nulla tempus. Vivamus in felis eu sapien cursus vestibulum. Proin eu mi.	99	364
852	2017-11-21	Nam congue, risus semper porta volutpat, quam pede lobortis ligula, sit amet eleifend pede libero quis orci.	82	232
853	2018-04-13	Integer ac leo.	60	369
854	2018-05-01	Nam nulla. Integer pede justo, lacinia eget, tincidunt eget, tempus vel, pede. Morbi porttitor lorem id ligula.	19	390
855	2017-12-20	Quisque porta volutpat erat. Quisque erat eros, viverra eget, congue eget, semper rutrum, nulla.	84	59
856	2017-07-13	Nulla ut erat id mauris vulputate elementum.	2	298
857	2018-04-17	Integer aliquet, massa id lobortis convallis, tortor risus dapibus augue, vel accumsan tellus nisi eu orci. Mauris lacinia sapien quis libero.	73	56
858	2018-02-24	Nunc purus. Phasellus in felis.	5	914
859	2017-11-05	Proin eu mi. Nulla ac enim.	90	351
860	2017-09-14	Curabitur convallis.	88	944
861	2017-07-19	Nam ultrices, libero non mattis pulvinar, nulla pede ullamcorper augue, a suscipit nulla elit ac nulla. Sed vel enim sit amet nunc viverra dapibus. Nulla suscipit ligula in lacus.	13	621
862	2017-07-21	Nullam orci pede, venenatis non, sodales sed, tincidunt eu, felis. Fusce posuere felis sed lacus.	93	322
863	2018-01-11	Aliquam augue quam, sollicitudin vitae, consectetuer eget, rutrum at, lorem. Integer tincidunt ante vel ipsum. Praesent blandit lacinia erat.	9	905
864	2018-02-22	Curabitur in libero ut massa volutpat convallis. Morbi odio odio, elementum eu, interdum eu, tincidunt in, leo.	85	127
865	2017-08-30	Integer pede justo, lacinia eget, tincidunt eget, tempus vel, pede. Morbi porttitor lorem id ligula. Suspendisse ornare consequat lectus.	59	508
866	2018-06-23	Fusce posuere felis sed lacus. Morbi sem mauris, laoreet ut, rhoncus aliquet, pulvinar sed, nisl. Nunc rhoncus dui vel sem.	3	96
867	2018-02-02	Nullam varius. Nulla facilisi.	71	24
868	2017-06-24	Morbi non quam nec dui luctus rutrum.	95	758
869	2017-07-27	Nulla nisl. Nunc nisl.	84	236
870	2018-04-28	Vivamus metus arcu, adipiscing molestie, hendrerit at, vulputate vitae, nisl.	29	187
871	2018-03-27	Nulla mollis molestie lorem. Quisque ut erat. Curabitur gravida nisi at nibh.	49	428
872	2017-08-27	Morbi vestibulum, velit id pretium iaculis, diam erat fermentum justo, nec condimentum neque sapien placerat ante. Nulla justo.	12	832
873	2018-01-14	Integer non velit. Donec diam neque, vestibulum eget, vulputate ut, ultrices vel, augue.	50	240
874	2017-07-03	Praesent blandit lacinia erat. Vestibulum sed magna at nunc commodo placerat.	86	830
875	2018-05-28	In est risus, auctor sed, tristique in, tempus sit amet, sem. Fusce consequat.	37	202
876	2018-02-13	Lorem ipsum dolor sit amet, consectetuer adipiscing elit. Proin risus. Praesent lectus.	74	154
877	2018-05-08	Vivamus in felis eu sapien cursus vestibulum. Proin eu mi. Nulla ac enim.	74	455
878	2017-06-23	Morbi non lectus. Aliquam sit amet diam in magna bibendum imperdiet.	41	489
879	2017-08-29	Maecenas ut massa quis augue luctus tincidunt. Nulla mollis molestie lorem.	57	406
880	2017-11-19	In eleifend quam a odio. In hac habitasse platea dictumst.	38	611
881	2018-04-11	Maecenas tristique, est et tempus semper, est quam pharetra magna, ac consequat metus sapien ut nunc.	89	723
882	2017-10-09	Integer ac neque.	70	242
883	2017-07-15	Praesent lectus. Vestibulum quam sapien, varius ut, blandit non, interdum in, ante. Vestibulum ante ipsum primis in faucibus orci luctus et ultrices posuere cubilia Curae; Duis faucibus accumsan odio.	58	636
884	2017-10-04	Ut tellus. Nulla ut erat id mauris vulputate elementum. Nullam varius.	3	198
885	2018-04-25	Aliquam quis turpis eget elit sodales scelerisque.	34	629
886	2017-08-16	Ut tellus. Nulla ut erat id mauris vulputate elementum. Nullam varius.	11	717
887	2017-12-28	Praesent blandit lacinia erat.	21	194
888	2017-12-02	Curabitur gravida nisi at nibh. In hac habitasse platea dictumst. Aliquam augue quam, sollicitudin vitae, consectetuer eget, rutrum at, lorem.	20	405
889	2017-11-13	Integer ac neque. Duis bibendum.	2	404
890	2018-06-17	Fusce congue, diam id ornare imperdiet, sapien urna pretium nisl, ut volutpat sapien arcu sed augue. Aliquam erat volutpat.	12	561
891	2018-05-27	Integer non velit. Donec diam neque, vestibulum eget, vulputate ut, ultrices vel, augue. Vestibulum ante ipsum primis in faucibus orci luctus et ultricrtis sapien sapien non mi.	77	215
892	2018-02-20	Vestibulum sed magna at nunc commodo placerat.	47	653
893	2018-04-29	Nunc purus. Phasellus in felis.	71	137
894	2018-03-28	Mauris enim leo, rhoncus sed, vestibulum sit amet, cursus id, turpis. Integer aliquet, massa id lobortis convallis, tortor risus dapibus augue, vel accumsan tellus nisi eu orci. Mauris lacinia sapien quis libero.	92	912
895	2017-06-13	Donec quis orci eget orci vehicula condimentum. Curabitur in libero ut massa volutpat convallis. Morbi odio odio, elementum eu, interdum eu, tincidunt in, leo.	15	420
896	2017-12-02	Quisque porta volutpat erat. Quisque erat eros, viverra eget, congue eget, semper rutrum, nulla.	48	415
897	2017-06-28	Nullam varius. Nulla facilisi.	96	685
898	2018-04-14	Pellentesque eget nunc. Donec quis orci eget orci vehicula condimentum.	54	249
899	2017-09-14	Lorem ipsum dolor sit amet, consectetuer adipiscing elit. Proin interdum mauris non ligula pellentesque ultrices.	77	696
900	2018-04-07	Integer pede justo, lacinia eget, tincidunt eget, tempus vel, pede. Morbi porttitor lorem id ligula.	17	21
901	2017-08-22	Donec ut mauris eget massa tempor convallis. Nulla neque libero, convallis eget, eleifend luctus, ultricies eu, nibh. Quisque id justo sit amet sapien dignissim vestibulum.	43	70
902	2018-06-13	In sagittis dui vel nisl. Duis ac nibh. Fusce lacus purus, aliquet at, feugiat non, pretium quis, lectus.	35	868
903	2017-07-13	In est risus, auctor sed, tristique in, tempus sit amet, sem.	64	228
904	2018-05-14	Suspendisse potenti.	92	629
905	2018-05-11	In sagittis dui vel nisl. Duis ac nibh. Fusce lacus purus, aliquet at, feugiat non, pretium quis, lectus.	14	623
906	2017-08-18	In blandit ultrices enim. Lorem ipsum dolor sit amet, consectetuer adipiscing elit. Proin interdum mauris non ligula pellentesque ultrices.	70	589
907	2018-04-05	In sagittis dui vel nisl. Duis ac nibh. Fusce lacus purus, aliquet at, feugiat non, pretium quis, lectus.	47	897
908	2018-05-05	In tempor, turpis nec euismod scelerisque, quam turpis adipiscing lorem, vitae mattis nibh ligula nec sem. Duis aliquam convallis nunc.	91	694
909	2017-10-10	Pellentesque viverra pede ac diam. Cras pellentesque volutpat dui. Maecenas tristique, est et tempus semper, est quam pharetra magna, ac consequat metus sapien ut nunc.	44	376
910	2017-07-10	Nullam varius. Nulla facilisi.	100	990
911	2018-02-27	Duis aliquam convallis nunc. Proin at turpis a pede posuere nonummy.	25	785
912	2017-12-29	Phasellus in felis. Donec semper sapien a libero. Nam dui.	30	17
913	2017-06-19	Aenean sit amet justo. Morbi ut odio. Cras mi pede, malesuada in, imperdiet et, commodo vulputate, justo.	21	231
914	2018-06-20	In eleifend quam a odio.	83	68
915	2018-05-23	Etiam justo.	74	19
916	2017-06-17	Maecenas pulvinar lobortis est.	99	456
917	2018-02-17	Etiam vel augue. Vestibulum rutrum rutrum neque.	97	463
918	2018-04-07	Pellentesque viverra pede ac diam.	13	746
919	2017-11-17	Morbi odio odio, elementum eu, interdum eu, tincidunt in, leo.	11	496
920	2018-05-23	Etiam pretium iaculis justo. In hac habitasse platea dictumst.	2	322
921	2018-05-08	Aliquam erat volutpat. In congue.	12	301
922	2018-06-27	Etiam pretium iaculis justo. In hac habitasse platea dictumst. Etiam faucibus cursus urna.	81	237
923	2018-05-15	Maecenas ut massa quis augue luctus tincidunt. Nulla mollis molestie lorem.	11	107
924	2017-06-26	Duis aliquam convallis nunc. Proin at turpis a pede posuere nonummy. Integer non velit.	69	901
925	2018-05-08	Donec posuere metus vitae ipsum.	95	823
926	2017-12-23	Morbi vel lectus in quam fringilla rhoncus. Mauris enim leo, rhoncus sed, vestibulum sit amet, cursus id, turpis.	49	597
927	2018-05-11	Morbi non lectus. Aliquam sit amet diam in magna bibendum imperdiet. Nullam orci pede, venenatis non, sodales sed, tincidunt eu, felis.	38	632
928	2018-04-28	Vivamus vestibulum sagittis sapien.	8	707
929	2017-09-09	Aenean sit amet justo. Morbi ut odio.	95	517
930	2018-06-28	Nam ultrices, libero non mattis pulvinar, nulla pede ullamcorper augue, a suscipit nulla elit ac nulla. Sed vel enim sit amet nunc viverra dapibus. Nulla suscipit ligula in lacus.	46	707
931	2017-11-30	Morbi a ipsum.	80	995
932	2018-02-25	Nulla justo. Aliquam quis turpis eget elit sodales scelerisque.	90	697
933	2018-03-17	Nulla facilisi. Cras non velit nec nisi vulputate nonummy. Maecenas tincidunt lacus at velit.	94	289
934	2018-07-06	Cras mi pede, malesuada in, imperdiet et, commodo vulputate, justo. In blandit ultrices enim.	93	755
935	2017-09-27	Aliquam sit amet diam in magna bibendum imperdiet. Nullam orci pede, venenatis non, sodales sed, tincidunt eu, felis. Fusce posuere felis sed lacus.	53	654
936	2017-10-16	Nullam varius.	28	324
937	2018-04-02	Suspendisse potenti.	75	583
938	2017-08-29	Vestibulum sed magna at nunc commodo placerat. Praesent blandit.	18	1
939	2018-03-04	Nunc rhoncus dui vel sem. Sed sagittis. Nam congue, risus semper porta volutpat, quam pede lobortis ligula, sit amet eleifend pede libero quis orci.	73	7
940	2018-05-05	Cras mi pede, malesuada in, imperdiet et, commodo vulputate, justo.	55	757
941	2018-01-25	Suspendisse ornare consequat lectus. In est risus, auctor sed, tristique in, tempus sit amet, sem. Fusce consequat.	47	439
942	2018-01-23	Nullam varius.	92	261
943	2018-01-21	Nulla justo. Aliquam quis turpis eget elit sodales scelerisque.	50	974
944	2017-08-21	Cras pellentesque volutpat dui. Maecenas tristique, est et tempus semper, est quam pharetra magna, ac consequat metus sapien ut nunc.	7	83
945	2017-07-26	Lorem ipsum dolor sit amet, consectetuer adipiscing elit. Proin interdum mauris non ligula pellentesque ultrices.	7	863
946	2017-10-12	Quisque id justo sit amet sapien dignissim vestibulum. Vestibulum ante ipsum primis in faucibus orci luctus et ultrices posuere cubilia Curae; Nulla dapibus dolor vel est. Donec odio justo, sollicitudin ut, suscipit a, feugiat et, eros.	69	467
947	2017-08-10	Nam ultrices, libero non mattis pulvinar, nulla pede ullamcorper augue, a suscipit nulla elit ac nulla.	90	115
948	2017-11-05	Suspendisse potenti. In eleifend quam a odio.	9	6
949	2018-02-16	Fusce lacus purus, aliquet at, feugiat non, pretium quis, lectus. Suspendisse potenti. In eleifend quam a odio.	37	963
950	2018-02-14	Integer non velit. Donec diam neque, vestibulum eget, vulputate ut, ultrices vel, augue. Vestibulum ante ipsum primis in faucibus orci luctus et ultrices posuere cubilia Curae	6	960
951	2017-12-14	Aliquam sit amet diam in magna bibendum imperdiet. Nullam orci pede, venenatis non, sodales sed, tincidunt eu, felis. Fusce posuere felis sed lacus.	52	764
952	2017-10-06	Aliquam erat volutpat. In congue.	45	866
953	2017-09-09	Duis bibendum. Morbi non quam nec dui luctus rutrum. Nulla tellus.	24	205
954	2018-01-08	Ut tellus. Nulla ut erat id mauris vulputate elementum.	21	527
955	2018-03-08	Maecenas ut massa quis augue luctus tincidunt. Nulla mollis molestie lorem. Quisque ut erat.	65	428
956	2018-05-16	Quisque id justo sit amet sapien dignissim vestibulum. Vestibulum ante ipsum primis in faucibus orci luctus et ultrices posuere cubilia Curae; Nulla dapibus dolor vel est.	52	557
957	2018-04-29	Pellentesque ultrices mattis odio. Donec vitae nisi.	45	878
958	2017-10-24	Quisque arcu libero, rutrum ac, lobortis vel, dapibus at, diam. Nam tristique tortor eu pede.	100	495
959	2018-02-13	Integer ac neque. Duis bibendum. Morbi non quam nec dui luctus rutrum.	62	111
960	2017-11-21	Proin leo odio, porttitor id, consequat in, consequat ut, nulla. Sed accumsan felis.	45	885
961	2018-02-12	Proin eu mi. Nulla ac enim.	87	295
962	2017-08-24	Aenean auctor gravida sem. Praesent id massa id nisl venenatis lacinia. Aenean sit amet justo.	86	820
963	2018-04-19	Vivamus vel nulla eget eros elementum pellentesque. Quisque porta volutpat erat.	55	443
964	2017-06-13	Suspendisse potenti. Cras in purus eu magna vulputate luctus. Cum sociis natoque penatibus et magnis dis parturient montes, nascetur ridiculus mus.	41	715
965	2018-01-07	Vestibulum ante ipsum primis in faucibus orci luctus et ultrices posuere cubilia Curae; Nulla dapibus dolor vel est. Donec odio justo, sollicitudin ut, suscipit a, feugiat et, eros. Vestibulum ac est lacinia nisi venenatis tristique.	74	317
966	2018-04-14	Suspendisse potenti. Nullam porttitor lacus at turpis.	25	455
967	2017-11-07	In blandit ultrices enim. Lorem ipsum dolor sit amet, consectetuer adipiscing elit. Proin interdum mauris non ligula pellentesque ultrices.	38	187
968	2017-12-21	Vivamus vestibulum sagittis sapien. Cum sociis natoque penatibus et magnis dis parturient montes, nascetur ridiculus mus. Etiam vel augue.	48	255
969	2017-12-02	Sed sagittis.	49	909
970	2018-06-07	Phasellus in felis. Donec semper sapien a libero. Nam dui.	100	57
971	2018-03-06	Proin interdum mauris non ligula pellentesque ultrices. Phasellus id sapien in sapien iaculis congue. Vivamus metus arcu, adipiscing molestie, hendrerit at, vulputate vitae, nisl.	97	669
972	2018-05-17	Pellentesque eget nunc. Donec quis orci eget orci vehicula condimentum.	71	240
973	2018-07-04	Vivamus metus arcu, adipiscing molestie, hendrerit at, vulputate vitae, nisl. Aenean lectus.	32	859
974	2017-09-03	Integer pede justo, lacinia eget, tincidunt eget, tempus vel, pede. Morbi porttitor lorem id ligula. Suspendisse ornare consequat lectus.	87	672
975	2017-12-18	Maecenas ut massa quis augue luctus tincidunt. Nulla mollis molestie lorem.	41	711
976	2018-04-11	Morbi quis tortor id nulla ultrices aliquet. Maecenas leo odio, condimentum id, luctus nec, molestie sed, justo.	69	396
977	2018-01-14	Mauris lacinia sapien quis libero. Nullam sit amet turpis elementum ligula vehicula consequat.	42	284
978	2018-06-12	Ut at dolor quis odio consequat varius. Integer ac leo.	38	680
979	2017-12-11	Duis consequat dui nec nisi volutpat eleifend. Donec ut dolor. Morbi vel lectus in quam fringilla rhoncus.	47	407
980	2017-08-27	Sed vel enim sit amet nunc viverra dapibus.	62	542
981	2017-11-13	Morbi a ipsum. Integer a nibh. In quis justo.	42	218
982	2017-10-08	In sagittis dui vel nisl. Duis ac nibh. Fusce lacus purus, aliquet at, feugiat non, pretium quis, lectus.	6	861
983	2017-11-11	Etiam justo. Etiam pretium iaculis justo. In hac habitasse platea dictumst.	41	103
984	2017-09-23	Quisque id justo sit amet sapien dignissim vestibulum. Vestibulum ante ipsum primis in faucibus orci luctus et ultrices posuere cubilia Curae; Nulla dapibus dolor vel est.	79	957
985	2018-01-22	Nulla mollis molestie lorem. Quisque ut erat.	21	52
986	2017-10-25	Fusce consequat. Nulla nisl.	31	47
987	2018-05-06	Integer a nibh.	68	794
988	2017-08-15	Integer ac leo. Pellentesque ultrices mattis odio. Donec vitae nisi.	60	1000
989	2017-12-31	Duis aliquam convallis nunc.	21	1
990	2017-12-13	Cras pellentesque volutpat dui. Maecenas tristique, est et tempus semper, est quam pharetra magna, ac consequat metus sapien ut nunc.	97	941
991	2018-06-01	Etiam faucibus cursus urna.	21	985
992	2017-09-07	Aliquam augue quam, sollicitudin vitae, consectetuer eget, rutrum at, lorem.	64	640
993	2018-01-13	Mauris lacinia sapien quis libero.	63	328
994	2018-02-20	Suspendisse potenti. In eleifend quam a odio. In hac habitasse platea dictumst.	100	478
995	2017-10-28	Proin leo odio, porttitor id, consequat in, consequat ut, nulla. Sed accumsan felis.	85	183
996	2018-05-12	Nam ultrices, libero non mattis pulvinar, nulla pede ullamcorper augue, a suscipit nulla elit ac nulla. Sed vel enim sit amet nunc viverra dapibus.	31	690
997	2017-09-01	Donec odio justo, sollicitudin ut, suscipit a, feugiat et, eros. Vestibulum ac est lacinia nisi venenatis tristique. Fusce congue, diam id ornare imperdiet, sapien urna pretium nisl, ut volutpat sapien arcu sed augue.	64	332
998	2017-06-24	In hac habitasse platea dictumst. Maecenas ut massa quis augue luctus tincidunt.	97	801
999	2017-06-12	Maecenas leo odio, condimentum id, luctus nec, molestie sed, justo. Pellentesque viverra pede ac diam. Cras pellentesque volutpat dui.	34	537
1000	2017-09-21	Morbi porttitor lorem id ligula. Suspendisse ornare consequat lectus. In est risus, auctor sed, tristique in, tempus sit amet, sem.	36	337
\.


--
-- TOC entry 2168 (class 0 OID 16481)
-- Dependencies: 189
-- Data for Name: user_tour; Type: TABLE DATA; Schema: public; Owner: postgres
--

COPY user_tour (user_id, tour_id) FROM stdin;
\.


-- Completed on 2018-07-18 16:01:56

--
-- PostgreSQL database dump complete
--

